,,,,,,,,,,
,,,,,,,,,,
,,,Your copy,Original,Update available?,,,,Changelog,
,,Spreadsheet,3.4,3.4,You have the latest version,,,Version,,
,,Lists data,2.0,2.0,,,,3.0,- Updated how the Construction Points work with increased costs as you build more stations.,
,,,,,,,,,- Now uses two checkboxes to mark active builds and completed builds (correctly applies points cost/reward).,
,,,,"""Make a copy"" link of the original:",Colonization Construction v3 (By DaftMav),,,,- Added Layout selection with observed population/score and reported bugs.,
,,,,,,,,,"- New tab: Changelog, has a bunch of info and shows if there's a new version of the sheet.",
,,,,Forum post:,v3.4 Frontier Forums post,,,,"- New tab: Cargo Hauling, with colony selection.",
,,,,,,,,,,Shows constructions and required amounts for checked active builds on the selected colony.
,,,,Spreadsheet help / documentation:,Help/Documentation screenshots | Imgur album,,,,,Can also use OCR snapshot for exact amounts (see settings tab).
,,,,,,,,,,Generates Ardent & Inara search links for commodities.
,,,,Settlement layouts screenshots:,Settlement Layouts index | Imgur album,,,,"- New tab: Settings, allows you to customize various things that are used on other tabs.",
,,,,Reddit post:,Settlement layouts index with landing pad sizes | r/EliteDangerous,,,,- Commodities data has been separated and is now sorted to in-game categories.,
,,,,,,,,3.1.1,- Fix: Current system totals for T2 and T3 were not working.,
,,,,,Services Unlock Flowchart,,,3.1.2,- Fix: Layout variants drowdown stop working after row 112 (update only needed when you use more rows),
,,,,,,,,,,
,,,,,ED Commodities by Economy (Spreadsheet by CMDR Dubior),,,3.2,- Updated Stats on facilities that were changed in the recent game update.,
,,,,,,,,,- System name and available construction slots in the system can now be added on the settings tab.,
,,Spreadsheet notes,,,,,,,- Population is now shown as a min-max range.,
,,,,,,,,,"- Observed influence column added (not enough data to actually calculate economy yet, reports are needed)",
,,"- Migrating colony from the old version: You can simply copy & paste the structures over, click & drag to select",,,,,,,- New tab: ReadMe  (will be updated from an external sheet),
,,,in the grey background behind the dropdown button. Use ctrl+shift+v to paste values only.,,,,,,,"Shows colonization details you should know, how to report data and links to other useful community tools."
,,,,,,,,,"- Added counters for built support facilities adding T2/T3 points, this does not count stations.",
,,- The Primary Station when making a claim MUST go on the first row as it is calculated differently.,,,,,,,,(These counters are collapsed by default above column J)
,,,,,,,,,- Increased row count on Colony tabs to 500,
,,Buff / Debuff options:,,,,,,3.2.1,- Fix: Build Total counter for Planned System row was not working.,
,,Because Frontier hasn't clarified how the buff/debuff is actually applied and there is still no in-game system stats,,,,,,3.2.2,- Fix: Used Orbital/Planetary slots counters for Current System not working correctly.,
,,"overview that lets us check the numbers, I've implemented two options for this on the Colony tabs:",,,,,,,,
,,,,,,,,3.3,"- Dodecahedron Station added, also made it easier to add new facilities later without having to update formulas.",
,, - Option A: ,Only the first built Starport gets the buff and only subsequent Starports get the debuff.,,,,,,- Increased amount of Colony tabs to 20.,
,,,The idea here is that Outposts are not Starports and therefore should not be included.,,,,,,- Stats page updated with System & Strong Links unlocks (expand/collapse with the + above column C.),
,,,Checking Option A requires you to also select one Starport that will get the buff.,,,,,,"- Carrier cargo setting added, on the Cargo Hauling tab it now shows free space and amount of trips.",
,,,,,,,,,- Changelog and ReadMe tab merged into one tab.,
,, - Option B:,"Assumes that FDev meant ""primary station"" with ""initial starport"" in the patch notes.",,,,,,- Com.List and Commodities tab merged into one tab.,
,,,"This will buff whatever station is on the primary slot, including Outpost stations, while also",,,,,,,- Commodities tab updated with produced/consumed info for all colonization-type commodities.
,,,debuffing -all- other facilities.,,,,,,,- Commodities tab now shows total amounts of required commodites for (total / orbital / surface) facilities.
,,,,,,,,,- Colony tabs:,
,,Colonization details you should know:,,,,,,,,- Implemented two options for the stats buff/debuff on facilities (see Spreadsheet Notes on the left for details).
,,,,,,,,,,- Links added to open system in Inara & RavenColonial.
,,"- Your first station (while claiming) won't cost any construction points, but it will require more commodities:",,,,,,,,"- Old beta min/max population columns replaced with a single Max Population column, info TBA over time."
,,,"(rougly +16% for Outpost, +33% for T2 Station, +20% for T3 Station)",,,,,3.3.1,- Fix: Colony tab 5 would not show layout variants for T1 planetary ports (See forum post for easy manual fix),
,,,This spreadsheet now uses exact numbers for both regular and primary stations.,,,,,,- Fix: Orbital slots count is off by 1 because in-game colony list now includes primary slot (See forum for manual fix),
,,,,,,,,3.3.2,- Added missing commodity required to build Dodec: Auto-Fabricators.,
,,CMDR Dubior's Colonization Guide (Work in progress but is actively updated):,,,,,,,- Fix: Primary Outposts increased cargo amount percentage was not being applied on colony tabs.,
,,,,,CMDR Dubior’s Advanced Elite Dangerous Colonization Guide,,,,,
,,CMDR Mechan's Colonization Mega Guide (may be outdated on some things):,,,,,,3.4,- Added all commodity amounts required for Primary Stations.,
,,,,,Elite Dangerous Colonization Mega Guide,,,,,- Colony tabs now show exact required commodity amounts.
,,,,,,,,,,- Cargo Hauling tab will also show exact commodity amounts for Primary Stations.
,,,,,,,,,- Fix: Corrected T2 points cost increase math. (When building more than four T2 stations cost is higher at intervals),
,,Other useful colonization community tools:,,,,,,,"- Fix: Corrected ""Free space"" count for carrier and ship on the Cargo Hauling tab.",
,,,,,,,,3.4.1,"- Small updates to the commodities tab, some 'produced/consumed by' values were changed.(see recent forum posts)",
,,RavenColonial - Essential Colonization tool especially for planning your station economies:,,,,,,,- Small update on the Stats tab: All Hub surface facilities have +1 in initial and max population increase (was zero).,
,,By CMDR grinning2001,,,https://ravencolonial.com/,,,,,
,,,,,Video Tutorial,,,,,
,,,,,,,,,,
,,SrvSurvey - The app that works with RavenColonial:,,,,,,,,
,,By CMDR grinning2001,,,https://github.com/njthomson/SrvSurvey/wiki,,,,,
,,,,,https://github.com/njthomson/SrvSurvey/wiki/Colonization,,,,,
,,,Note this app has VR support and apparently can now also run on linux / steamdeck:,,,,,,,
,,,,,https://github.com/njthomson/SrvSurvey/discussions/524,,,,,
,,,,,,,,,,
,,Alternatively there is an EDMC plugin that provides colonization functionality for RavenColonial:,,,,,,,,
,,By CMDR Dirk Pitt13,,,https://github.com/toemaus313/ravencolonial_edmc,,,,,
,,,,,,,,,,
,,EDMC Plugins:,,,,,,,,
,, - StationEconomies - Shows main and sub-economies when docked at a station or settlement:,,,,,,,,
,,,,,https://github.com/DaftMav/StationEconomies/tree/DaftMav-patch-1,,,,,
,,,,,,,,,,
,,Other tools:,,,,,,,,
,, - ArxConverter - A small userscript that shows real currency prices on the Arx Store:,,,,,,,,
,,,,,https://github.com/DaftMav/ArxConverter,,,,,