,,,,,,,,,,,,,,,,,,,,,,,,,,,,,,,,,,,,,,,,,,,,,,,,,,,,,,,,,,,,,,,,,,,,,,,,,,,,,,,,,,,,,,,,,,,,,,,,,,,,,,,,,,,,,,,,,,,,,,,,,,,,,,,,,,,,,
Stations that increase construction points,Extra T2 points cost,Extra T3 points cost,"(Note: Row A1-A13 cannot be empty as this breaks the counting formula, hence TBA entries)",,,,,,,,,,,,,,,,,,,,,,,,,,,,,,,,,,,,,,,,,,,,,,,,,,,,,,,,,,,,,,,,,,,,,,,,,,,,,,,,,,,,,,,,,,,,,,,,,,,,,,,,,,,,,,,,,,,,,,,,,,,,,,,,,,
Orbital - Starport - Coriolis,-2.25,,,,,,,,,,,,,,,,,,,,,,,,,,,,,,,,,,,,,,,,,,,,,,,,,,,,,,,,,,,,,,,,,,,,,,,,,,,,,,,,,,,,,,,,,,,,,,,,,,,,,,,,,,,,,,,,,,,,,,,,,,,,,,,,,,,,
Orbital - Starport - Asteroid Base,-2.25,,,,,,,,,,,,,,,,,,,,,,,,,,,,,,,,,,,,,,,,,,,,,,,,,,,,,,,,,,,,,,,,,,,,,,,,,,,,,,,,,,,,,,,,,,,,,,,,,,,,,,,,,,,,,,,,,,,,,,,,,,,,,,,,,,,,
Orbital - Starport - Ocellus,,-6,,,,,,,,,,,,,,,,,,,,,,,,,,,,,,,,,,,,,,,,,,,,,,,,,,,,,,,,,,,,,,,,,,,,,,,,,,,,,,,,,,,,,,,,,,,,,,,,,,,,,,,,,,,,,,,,,,,,,,,,,,,,,,,,,,,
Orbital - Starport - Orbis,,-6,,,,,,,,,,,,,,,,,,,,,,,,,,,,,,,,,,,,,,,,,,,,,,,,,,,,,,,,,,,,,,,,,,,,,,,,,,,,,,,,,,,,,,,,,,,,,,,,,,,,,,,,,,,,,,,,,,,,,,,,,,,,,,,,,,,
Orbital - Starport - Dodecahedron,,-6,,,,,,,,,,,,,,,,,,,,,,,,,,,,,,,,,,,,,,,,,,,,,,,,,,,,,,,,,,,,,,,,,,,,,,,,,,,,,,,,,,,,,,,,,,,,,,,,,,,,,,,,,,,,,,,,,,,,,,,,,,,,,,,,,,,
Surface - Planetary Port - Port,,-6,,,,,,,,,,,,,,,,,,,,,,,,,,,,,,,,,,,,,,,,,,,,,,,,,,,,,,,,,,,,,,,,,,,,,,,,,,,,,,,,,,,,,,,,,,,,,,,,,,,,,,,,,,,,,,,,,,,,,,,,,,,,,,,,,,,
TBA,,,,,,,,,,,,,,,,,,,,,,,,,,,,,,,,,,,,,,,,,,,,,,,,,,,,,,,,,,,,,,,,,,,,,,,,,,,,,,,,,,,,,,,,,,,,,,,,,,,,,,,,,,,,,,,,,,,,,,,,,,,,,,,,,,,,,
TBA,,,,,,,,,,,,,,,,,,,,,,,,,,,,,,,,,,,,,,,,,,,,,,,,,,,,,,,,,,,,,,,,,,,,,,,,,,,,,,,,,,,,,,,,,,,,,,,,,,,,,,,,,,,,,,,,,,,,,,,,,,,,,,,,,,,,,
TBA,,,,,,,,,,,,,,,,,,,,,,,,,,,,,,,,,,,,,,,,,,,,,,,,,,,,,,,,,,,,,,,,,,,,,,,,,,,,,,,,,,,,,,,,,,,,,,,,,,,,,,,,,,,,,,,,,,,,,,,,,,,,,,,,,,,,,
TBA,,,,,,,,,,,,,,,,,,,,,,,,,,,,,,,,,,,,,,,,,,,,,,,,,,,,,,,,,,,,,,,,,,,,,,,,,,,,,,,,,,,,,,,,,,,,,,,,,,,,,,,,,,,,,,,,,,,,,,,,,,,,,,,,,,,,,
TBA,,,,,,,,,,,,,,,,,,,,,,,,,,,,,,,,,,,,,,,,,,,,,,,,,,,,,,,,,,,,,,,,,,,,,,,,,,,,,,,,,,,,,,,,,,,,,,,,,,,,,,,,,,,,,,,,,,,,,,,,,,,,,,,,,,,,,
,,,,,,,,,,,,,,,,,,,,,,,,,,,,,,,,,,,,,,,,,,,,,,,,,,,,,,,,,,,,,,,,,,,,,,,,,,,,,,,,,,,,,,,,,,,,,,,,,,,,,,,,,,,,,,,,,,,,,,,,,,,,,,,,,,,,,
Regex Matches for initial stations,Percentage increase,,,,,,,,,,,,,,,,,,,,,,,,,,,,,,,,,,,,,,,,,,,,,,,,,,,,,,,,,,,,,,,,,,,,,,,,,,,,,,,,,,,,,,,,,,,,,,,,,,,,,,,,,,,,,,,,,,,,,,,,,,,,,,,,,,,,
Coriolis,33. %,,,,,,,,,,,,,,,,,,,,,,,,,,,,,,,,,,,,,,,,,,,,,,,,,,,,,,,,,,,,,,,,,,,,,,,,,,,,,,,,,,,,,,,,,,,,,,,,,,,,,,,,,,,,,,,,,,,,,,,,,,,,,,,,,,,,
Asteroid Base,33. %,,,,,,,,,,,,,,,,,,,,,,,,,,,,,,,,,,,,,,,,,,,,,,,,,,,,,,,,,,,,,,,,,,,,,,,,,,,,,,,,,,,,,,,,,,,,,,,,,,,,,,,,,,,,,,,,,,,,,,,,,,,,,,,,,,,,
Ocellus,20. %,,,,,,,,,,,,,,,,,,,,,,,,,,,,,,,,,,,,,,,,,,,,,,,,,,,,,,,,,,,,,,,,,,,,,,,,,,,,,,,,,,,,,,,,,,,,,,,,,,,,,,,,,,,,,,,,,,,,,,,,,,,,,,,,,,,,
Orbis,20. %,,,,,,,,,,,,,,,,,,,,,,,,,,,,,,,,,,,,,,,,,,,,,,,,,,,,,,,,,,,,,,,,,,,,,,,,,,,,,,,,,,,,,,,,,,,,,,,,,,,,,,,,,,,,,,,,,,,,,,,,,,,,,,,,,,,,
Dodecahedron,20. %,,,,,,,,,,,,,,,,,,,,,,,,,,,,,,,,,,,,,,,,,,,,,,,,,,,,,,,,,,,,,,,,,,,,,,,,,,,,,,,,,,,,,,,,,,,,,,,,,,,,,,,,,,,,,,,,,,,,,,,,,,,,,,,,,,,,
Orbital - Outpost,16. %,,,,,,,,,,,,,,,,,,,,,,,,,,,,,,,,,,,,,,,,,,,,,,,,,,,,,,,,,,,,,,,,,,,,,,,,,,,,,,,,,,,,,,,,,,,,,,,,,,,,,,,,,,,,,,,,,,,,,,,,,,,,,,,,,,,,
,,,,,,,,,,,,,,,,,,,,,,,,,,,,,,,,,,,,,,,,,,,,,,,,,,,,,,,,,,,,,,,,,,,,,,,,,,,,,,,,,,,,,,,,,,,,,,,,,,,,,,,,,,,,,,,,,,,,,,,,,,,,,,,,,,,,,
,,,,,,,,,,,,,,,,,,,,,,,,,,,,,,,,,,,,,,,,,,,,,,,,,,,,,,,,,,,,,,,,,,,,,,,,,,,,,,,,,,,,,,,,,,,,,,,,,,,,,,,,,,,,,,,,,,,,,,,,,,,,,,,,,,,,,
,,,,,,,,,,,,,,,,,,,,,,,,,,,,,,,,,,,,,,,,,,,,,,,,,,,,,,,,,,,,,,,,,,,,,,,,,,,,,,,,,,,,,,,,,,,,,,,,,,,,,,,,,,,,,,,,,,,,,,,,,,,,,,,,,,,,,
,,,,,,,,,,,,,,,,,,,,,,,,,,,,,,,,,,,,,,,,,,,,,,,,,,,,,,,,,,,,,,,,,,,,,,,,,,,,,,,,,,,,,,,,,,,,,,,,,,,,,,,,,,,,,,,,,,,,,,,,,,,,,,,,,,,,,
,,,,,,,,,,,,,,,,,,,,,,,,,,,,,,,,,,,,,,,,,,,,,,,,,,,,,,,,,,,,,,,,,,,,,,,,,,,,,,,,,,,,,,,,,,,,,,,,,,,,,,,,,,,,,,,,,,,,,,,,,,,,,,,,,,,,,
"Dodo Nerf ""balancing"" update",Security,Tech Level,Wealth,Standard of Living,Development Level,,,,,,,,,,,,,,,,,,,,,,,,,,,,,,,,,,,,,,,,,,,,,,,,,,,,,,,,,,,,,,,,,,,,,,,,,,,,,,,,,,,,,,,,,,,,,,,,,,,,,,,,,,,,,,,,,,,,,,,,,,,,,,,,
Initital Starport buff,0.4,0.2,0.4,0.4,0.4,,,,,,,,,,,,,,,,,,,,,,,,,,,,,,,,,,,,,,,,,,,,,,,,,,,,,,,,,,,,,,,,,,,,,,,,,,,,,,,,,,,,,,,,,,,,,,,,,,,,,,,,,,,,,,,,,,,,,,,,,,,,,,,,
Subsequent facilities debuff,0.1,0.25,0.25,0.2,0.1,,,,,,,,,,,,,,,,,,,,,,,,,,,,,,,,,,,,,,,,,,,,,,,,,,,,,,,,,,,,,,,,,,,,,,,,,,,,,,,,,,,,,,,,,,,,,,,,,,,,,,,,,,,,,,,,,,,,,,,,,,,,,,,,
,,,,,,,,,,,,,,,,,,,,,,,,,,,,,,,,,,,,,,,,,,,,,,,,,,,,,,,,,,,,,,,,,,,,,,,,,,,,,,,,,,,,,,,,,,,,,,,,,,,,,,,,,,,,,,,,,,,,,,,,,,,,,,,,,,,,,
,,,,,,,,,,,,,,,,,,,,,,,,,,,,,,,,,,,,,,,,,,,,,,,,,,,,,,,,,,,,,,,,,,,,,,,,,,,,,,,,,,,,,,,,,,,,,,,,,,,,,,,,,,,,,,,,,,,,,,,,,,,,,,,,,,,,,
,,,,,,,,,,,,,,,,,,,,,,,,,,,,,,,,,,,,,,,,,,,,,,,,,,,,,,,,,,,,,,,,,,,,,,,,,,,,,,,,,,,,,,,,,,,,,,,,,,,,,,,,,,,,,,,,,,,,,,,,,,,,,,,,,,,,,
,,,,,,,,,,,,,,,,,,,,,,,,,,,,,,,,,,,,,,,,,,,,,,,,,,,,,,,,,,,,,,,,,,,,,,,,,,,,,,,,,,,,,,,,,,,,,,,,,,,,,,,,,,,,,,,,,,,,,,,,,,,,,,,,,,,,,
,,,,,,,,,,,,,,,,,,,,,,,,,,,,,,,,,,,,,,,,,,,,,,,,,,,,,,,,,,,,,,,,,,,,,,,,,,,,,,,,,,,,,,,,,,,,,,,,,,,,,,,,,,,,,,,,,,,,,,,,,,,,,,,,,,,,,
,,,,,,,,,,,,,,,,,,,,,,,,,,,,,,,,,,,,,,,,,,,,,,,,,,,,,,,,,,,,,,,,,,,,,,,,,,,,,,,,,,,,,,,,,,,,,,,,,,,,,,,,,,,,,,,,,,,,,,,,,,,,,,,,,,,,,
,,,,,,,,,,,,,,,,,,,,,,,,,,,,,,,,,,,,,,,,,,,,,,,,,,,,,,,,,,,,,,,,,,,,,,,,,,,,,,,,,,,,,,,,,,,,,,,,,,,,,,,,,,,,,,,,,,,,,,,,,,,,,,,,,,,,,
,,,,,,,,,,,,,,,,,,,,,,,,,,,,,,,,,,,,,,,,,,,,,,,,,,,,,,,,,,,,,,,,,,,,,,,,,,,,,,,,,,,,,,,,,,,,,,,,,,,,,,,,,,,,,,,,,,,,,,,,,,,,,,,,,,,,,
,,,,,,,,,,,,,,,,,,,,,,,,,,,,,,,,,,,,,,,,,,,,,,,,,,,,,,,,,,,,,,,,,,,,,,,,,,,,,,,,,,,,,,,,,,,,,,,,,,,,,,,,,,,,,,,,,,,,,,,,,,,,,,,,,,,,,
,,,,,,,,,,,,,,,,,,,,,,,,,,,,,,,,,,,,,,,,,,,,,,,,,,,,,,,,,,,,,,,,,,,,,,,,,,,,,,,,,,,,,,,,,,,,,,,,,,,,,,,,,,,,,,,,,,,,,,,,,,,,,,,,,,,,,
,,,,,,,,,,,,,,,,,,,,,,,,,,,,,,,,,,,,,,,,,,,,,,,,,,,,,,,,,,,,,,,,,,,,,,,,,,,,,,,,,,,,,,,,,,,,,,,,,,,,,,,,,,,,,,,,,,,,,,,,,,,,,,,,,,,,,
,,,,,,,,,,,,,,,,,,,,,,,,,,,,,,,,,,,,,,,,,,,,,,,,,,,,,,,,,,,,,,,,,,,,,,,,,,,,,,,,,,,,,,,,,,,,,,,,,,,,,,,,,,,,,,,,,,,,,,,,,,,,,,,,,,,,,
,,,,,,,,,,,,,,,,,,,,,,,,,,,,,,,,,,,,,,,,,,,,,,,,,,,,,,,,,,,,,,,,,,,,,,,,,,,,,,,,,,,,,,,,,,,,,,,,,,,,,,,,,,,,,,,,,,,,,,,,,,,,,,,,,,,,,
,,,,,,,,,,,,,,,,,,,,,,,,,,,,,,,,,,,,,,,,,,,,,,,,,,,,,,,,,,,,,,,,,,,,,,,,,,,,,,,,,,,,,,,,,,,,,,,,,,,,,,,,,,,,,,,,,,,,,,,,,,,,,,,,,,,,,
,,,,,,,,,,,,,,,,,,,,,,,,,,,,,,,,,,,,,,,,,,,,,,,,,,,,,,,,,,,,,,,,,,,,,,,,,,,,,,,,,,,,,,,,,,,,,,,,,,,,,,,,,,,,,,,,,,,,,,,,,,,,,,,,,,,,,
,,,,,,,,,,,,,,,,,,,,,,,,,,,,,,,,,,,,,,,,,,,,,,,,,,,,,,,,,,,,,,,,,,,,,,,,,,,,,,,,,,,,,,,,,,,,,,,,,,,,,,,,,,,,,,,,,,,,,,,,,,,,,,,,,,,,,
Using External data import 2.0,,,,,,,,,,,,,,,Using local copy backup,,,,,,,,,,,,,,,,,,,,,,,,,,,,,,,,,,,,,,,,,,,,,,,,,,,,,,,,,,,,,,,,,,,,,,,,,,,,,,,,,,,,,,,,,,,,,,,,,,,,,,,,,,,,,,,,,,,,,,
Structure,Layout Variant,Max Landing Pad,Score,Influence,Max population,S/O,Type,Reported Bugs / Warnings,Settlement Size (nav panel info),Observed population increase (Min),Observed population increase (Max),,,,Structure,Layout Variant,Max Landing Pad,Score,Influence,Max population,S/O,Type,Reported Bugs / Warnings,Settlement Size (nav panel info),Observed population increase (Min),Observed population increase (Max),,,,,,,,,,,,,,,,,,,,,,,,,,,,,,,,,,,,,,,,,,,,,,,,,,,,,,,,,,,,,,,,,,,,,,,,,,,,,,,,,,,,,,,,,,,,,,,,,,,,,,,,,,,
Orbital - Starport - Coriolis,No Truss,L,8,0.8,,Orbital,Starport,,,10000,15000,,,,Orbital - Starport - Coriolis,No Truss,L,8,0.8,,Orbital,Starport,,,10000,15000,,,,,,,,,,,,,,,,,,,,,,,,,,,,,,,,,,,,,,,,,,,,,,,,,,,,,,,,,,,,,,,,,,,,,,,,,,,,,,,,,,,,,,,,,,,,,,,,,,,,,,,,,,,
Orbital - Starport - Coriolis,Dual Truss,L,8,0.8,,Orbital,Starport,,,10000,15000,,,,Orbital - Starport - Coriolis,Dual Truss,L,8,0.8,,Orbital,Starport,,,10000,15000,,,,,,,,,,,,,,,,,,,,,,,,,,,,,,,,,,,,,,,,,,,,,,,,,,,,,,,,,,,,,,,,,,,,,,,,,,,,,,,,,,,,,,,,,,,,,,,,,,,,,,,,,,,
Orbital - Starport - Coriolis,Quad Truss,L,8,0.8,,Orbital,Starport,,,10000,15000,,,,Orbital - Starport - Coriolis,Quad Truss,L,8,0.8,,Orbital,Starport,,,10000,15000,,,,,,,,,,,,,,,,,,,,,,,,,,,,,,,,,,,,,,,,,,,,,,,,,,,,,,,,,,,,,,,,,,,,,,,,,,,,,,,,,,,,,,,,,,,,,,,,,,,,,,,,,,,
Orbital - Starport - Asteroid Base,Ice,L,8,0.8,,Orbital,Starport,,,15000,16000,,,,Orbital - Starport - Asteroid Base,Ice,L,8,0.8,,Orbital,Starport,,,15000,16000,,,,,,,,,,,,,,,,,,,,,,,,,,,,,,,,,,,,,,,,,,,,,,,,,,,,,,,,,,,,,,,,,,,,,,,,,,,,,,,,,,,,,,,,,,,,,,,,,,,,,,,,,,,
Orbital - Starport - Asteroid Base,Metal,L,8,0.8,,Orbital,Starport,,,15000,16000,,,,Orbital - Starport - Asteroid Base,Metal,L,8,0.8,,Orbital,Starport,,,15000,16000,,,,,,,,,,,,,,,,,,,,,,,,,,,,,,,,,,,,,,,,,,,,,,,,,,,,,,,,,,,,,,,,,,,,,,,,,,,,,,,,,,,,,,,,,,,,,,,,,,,,,,,,,,,
Orbital - Starport - Asteroid Base,Rock,L,8,0.8,,Orbital,Starport,,,15000,16000,,,,Orbital - Starport - Asteroid Base,Rock,L,8,0.8,,Orbital,Starport,,,15000,16000,,,,,,,,,,,,,,,,,,,,,,,,,,,,,,,,,,,,,,,,,,,,,,,,,,,,,,,,,,,,,,,,,,,,,,,,,,,,,,,,,,,,,,,,,,,,,,,,,,,,,,,,,,,
Orbital - Starport - Ocellus,Ocellus,L,15,1.2,,Orbital,Starport,,,90000,115000,,,,Orbital - Starport - Ocellus,Ocellus,L,15,1.2,,Orbital,Starport,,,90000,115000,,,,,,,,,,,,,,,,,,,,,,,,,,,,,,,,,,,,,,,,,,,,,,,,,,,,,,,,,,,,,,,,,,,,,,,,,,,,,,,,,,,,,,,,,,,,,,,,,,,,,,,,,,,
Orbital - Starport - Orbis,Apollo,L,15,1.2,,Orbital,Starport,,,90000,115000,,,,Orbital - Starport - Orbis,Apollo,L,15,1.2,,Orbital,Starport,,,90000,115000,,,,,,,,,,,,,,,,,,,,,,,,,,,,,,,,,,,,,,,,,,,,,,,,,,,,,,,,,,,,,,,,,,,,,,,,,,,,,,,,,,,,,,,,,,,,,,,,,,,,,,,,,,,
Orbital - Starport - Orbis,Artemis,L,15,1.2,,Orbital,Starport,,,90000,115000,,,,Orbital - Starport - Orbis,Artemis,L,15,1.2,,Orbital,Starport,,,90000,115000,,,,,,,,,,,,,,,,,,,,,,,,,,,,,,,,,,,,,,,,,,,,,,,,,,,,,,,,,,,,,,,,,,,,,,,,,,,,,,,,,,,,,,,,,,,,,,,,,,,,,,,,,,,
Orbital - Starport - Dodecahedron,No Truss Dodo,L,15,1.2,,Orbital,Starport,,,,,,,,Orbital - Starport - Dodecahedron,No Truss Dodo,L,15,1.2,,Orbital,Starport,,,,,,,,,,,,,,,,,,,,,,,,,,,,,,,,,,,,,,,,,,,,,,,,,,,,,,,,,,,,,,,,,,,,,,,,,,,,,,,,,,,,,,,,,,,,,,,,,,,,,,,,,,,,,,,
Orbital - Starport - Dodecahedron,Quint Truss,L,15,1.2,,Orbital,Starport,,,,,,,,Orbital - Starport - Dodecahedron,Quint Truss,L,15,1.2,,Orbital,Starport,,,,,,,,,,,,,,,,,,,,,,,,,,,,,,,,,,,,,,,,,,,,,,,,,,,,,,,,,,,,,,,,,,,,,,,,,,,,,,,,,,,,,,,,,,,,,,,,,,,,,,,,,,,,,,,
Orbital - Starport - Dodecahedron,Dec Truss,L,15,1.2,,Orbital,Starport,,,,,,,,Orbital - Starport - Dodecahedron,Dec Truss,L,15,1.2,,Orbital,Starport,,,,,,,,,,,,,,,,,,,,,,,,,,,,,,,,,,,,,,,,,,,,,,,,,,,,,,,,,,,,,,,,,,,,,,,,,,,,,,,,,,,,,,,,,,,,,,,,,,,,,,,,,,,,,,,
Orbital - Outpost - Commercial,Plutus,M,3,0.4,,Orbital,Outpost,,,4000,5000,,,,Orbital - Outpost - Commercial,Plutus,M,3,0.4,,Orbital,Outpost,,,4000,5000,,,,,,,,,,,,,,,,,,,,,,,,,,,,,,,,,,,,,,,,,,,,,,,,,,,,,,,,,,,,,,,,,,,,,,,,,,,,,,,,,,,,,,,,,,,,,,,,,,,,,,,,,,,
Orbital - Outpost - Industrial,Vulcan,M,3,0.4,,Orbital,Outpost,,,4000,5000,,,,Orbital - Outpost - Industrial,Vulcan,M,3,0.4,,Orbital,Outpost,,,4000,5000,,,,,,,,,,,,,,,,,,,,,,,,,,,,,,,,,,,,,,,,,,,,,,,,,,,,,,,,,,,,,,,,,,,,,,,,,,,,,,,,,,,,,,,,,,,,,,,,,,,,,,,,,,,
Orbital - Outpost - Criminal,Dysnomia,M,3,0.4,,Orbital,Outpost,,,4000,5000,,,,Orbital - Outpost - Criminal,Dysnomia,M,3,0.4,,Orbital,Outpost,,,4000,5000,,,,,,,,,,,,,,,,,,,,,,,,,,,,,,,,,,,,,,,,,,,,,,,,,,,,,,,,,,,,,,,,,,,,,,,,,,,,,,,,,,,,,,,,,,,,,,,,,,,,,,,,,,,
Orbital - Outpost - Civilian,Vesta,M,3,0.4,,Orbital,Outpost,,,4000,5000,,,,Orbital - Outpost - Civilian,Vesta,M,3,0.4,,Orbital,Outpost,,,4000,5000,,,,,,,,,,,,,,,,,,,,,,,,,,,,,,,,,,,,,,,,,,,,,,,,,,,,,,,,,,,,,,,,,,,,,,,,,,,,,,,,,,,,,,,,,,,,,,,,,,,,,,,,,,,
Orbital - Outpost - Scientific,Prometheus,M,3,0.4,,Orbital,Outpost,,,8000,10000,,,,Orbital - Outpost - Scientific,Prometheus,M,3,0.4,,Orbital,Outpost,,,8000,10000,,,,,,,,,,,,,,,,,,,,,,,,,,,,,,,,,,,,,,,,,,,,,,,,,,,,,,,,,,,,,,,,,,,,,,,,,,,,,,,,,,,,,,,,,,,,,,,,,,,,,,,,,,,
Orbital - Outpost - Military,Nemesis,M,3,0.4,,Orbital,Outpost,,,10000,11000,,,,Orbital - Outpost - Military,Nemesis,M,3,0.4,,Orbital,Outpost,,,10000,11000,,,,,,,,,,,,,,,,,,,,,,,,,,,,,,,,,,,,,,,,,,,,,,,,,,,,,,,,,,,,,,,,,,,,,,,,,,,,,,,,,,,,,,,,,,,,,,,,,,,,,,,,,,,
Orbital - Installation - Satellite,Hermes,❌,3,0,,Orbital,Installation,❗Visual/Name: shows up as Comms Installation,,800,800,,,,Orbital - Installation - Satellite,Hermes,❌,3,0,,Orbital,Installation,❗Visual/Name: shows up as Comms Installation,,800,800,,,,,,,,,,,,,,,,,,,,,,,,,,,,,,,,,,,,,,,,,,,,,,,,,,,,,,,,,,,,,,,,,,,,,,,,,,,,,,,,,,,,,,,,,,,,,,,,,,,,,,,,,,,
Orbital - Installation - Satellite,Angelia,❌,3,0,,Orbital,Installation,❗Visual/Name: shows up as Scientific Installation,,800,800,,,,Orbital - Installation - Satellite,Angelia,❌,3,0,,Orbital,Installation,❗Visual/Name: shows up as Scientific Installation,,800,800,,,,,,,,,,,,,,,,,,,,,,,,,,,,,,,,,,,,,,,,,,,,,,,,,,,,,,,,,,,,,,,,,,,,,,,,,,,,,,,,,,,,,,,,,,,,,,,,,,,,,,,,,,,
Orbital - Installation - Satellite,Eirene,❌,3,0,,Orbital,Installation,❗Visual/Name: shows up as Scientific Installation,,800,800,,,,Orbital - Installation - Satellite,Eirene,❌,3,0,,Orbital,Installation,❗Visual/Name: shows up as Scientific Installation,,800,800,,,,,,,,,,,,,,,,,,,,,,,,,,,,,,,,,,,,,,,,,,,,,,,,,,,,,,,,,,,,,,,,,,,,,,,,,,,,,,,,,,,,,,,,,,,,,,,,,,,,,,,,,,,
Orbital - Installation - Comm Station,Pistis,❌,3,0,,Orbital,Installation,,,1000,1000,,,,Orbital - Installation - Comm Station,Pistis,❌,3,0,,Orbital,Installation,,,1000,1000,,,,,,,,,,,,,,,,,,,,,,,,,,,,,,,,,,,,,,,,,,,,,,,,,,,,,,,,,,,,,,,,,,,,,,,,,,,,,,,,,,,,,,,,,,,,,,,,,,,,,,,,,,,
Orbital - Installation - Comm Station,Soter,❌,3,0,,Orbital,Installation,,,1000,1000,,,,Orbital - Installation - Comm Station,Soter,❌,3,0,,Orbital,Installation,,,1000,1000,,,,,,,,,,,,,,,,,,,,,,,,,,,,,,,,,,,,,,,,,,,,,,,,,,,,,,,,,,,,,,,,,,,,,,,,,,,,,,,,,,,,,,,,,,,,,,,,,,,,,,,,,,,
Orbital - Installation - Comm Station,Aletheia,❌,3,0,,Orbital,Installation,,,1000,1000,,,,Orbital - Installation - Comm Station,Aletheia,❌,3,0,,Orbital,Installation,,,1000,1000,,,,,,,,,,,,,,,,,,,,,,,,,,,,,,,,,,,,,,,,,,,,,,,,,,,,,,,,,,,,,,,,,,,,,,,,,,,,,,,,,,,,,,,,,,,,,,,,,,,,,,,,,,,
Orbital - Installation - Space Farm,Demeter,❌,2,0.4,,Orbital,Installation,,,800,900,,,,Orbital - Installation - Space Farm,Demeter,❌,2,0.4,,Orbital,Installation,,,800,900,,,,,,,,,,,,,,,,,,,,,,,,,,,,,,,,,,,,,,,,,,,,,,,,,,,,,,,,,,,,,,,,,,,,,,,,,,,,,,,,,,,,,,,,,,,,,,,,,,,,,,,,,,,
Orbital - Installation - Pirate Base,Apate,❌,3,0.4,,Orbital,Installation,,,,,,,,Orbital - Installation - Pirate Base,Apate,❌,3,0.4,,Orbital,Installation,,,,,,,,,,,,,,,,,,,,,,,,,,,,,,,,,,,,,,,,,,,,,,,,,,,,,,,,,,,,,,,,,,,,,,,,,,,,,,,,,,,,,,,,,,,,,,,,,,,,,,,,,,,,,,,
Orbital - Installation - Pirate Base,Laverna,❌,3,0.4,,Orbital,Installation,,,,,,,,Orbital - Installation - Pirate Base,Laverna,❌,3,0.4,,Orbital,Installation,,,,,,,,,,,,,,,,,,,,,,,,,,,,,,,,,,,,,,,,,,,,,,,,,,,,,,,,,,,,,,,,,,,,,,,,,,,,,,,,,,,,,,,,,,,,,,,,,,,,,,,,,,,,,,,
Orbital - Installation - Mining Outpost,Euthenia,❌,2,0.4,,Orbital,Installation,❗Visual/Name: shows up as Industrial Installation,,900,1000,,,,Orbital - Installation - Mining Outpost,Euthenia,❌,2,0.4,,Orbital,Installation,❗Visual/Name: shows up as Industrial Installation,,900,1000,,,,,,,,,,,,,,,,,,,,,,,,,,,,,,,,,,,,,,,,,,,,,,,,,,,,,,,,,,,,,,,,,,,,,,,,,,,,,,,,,,,,,,,,,,,,,,,,,,,,,,,,,,,
Orbital - Installation - Mining Outpost,Phorcys,❌,2,0.4,,Orbital,Installation,,,900,1000,,,,Orbital - Installation - Mining Outpost,Phorcys,❌,2,0.4,,Orbital,Installation,,,900,1000,,,,,,,,,,,,,,,,,,,,,,,,,,,,,,,,,,,,,,,,,,,,,,,,,,,,,,,,,,,,,,,,,,,,,,,,,,,,,,,,,,,,,,,,,,,,,,,,,,,,,,,,,,,
Orbital - Installation - Relay Station,Enodia,❌,3,0.4,,Orbital,Installation,,,800,1100,,,,Orbital - Installation - Relay Station,Enodia,❌,3,0.4,,Orbital,Installation,,,800,1100,,,,,,,,,,,,,,,,,,,,,,,,,,,,,,,,,,,,,,,,,,,,,,,,,,,,,,,,,,,,,,,,,,,,,,,,,,,,,,,,,,,,,,,,,,,,,,,,,,,,,,,,,,,
Orbital - Installation - Relay Station,Ichnaea,❌,3,0.4,,Orbital,Installation,❗Visual/Name: shows up as Comms Installation,,800,1100,,,,Orbital - Installation - Relay Station,Ichnaea,❌,3,0.4,,Orbital,Installation,❗Visual/Name: shows up as Comms Installation,,800,1100,,,,,,,,,,,,,,,,,,,,,,,,,,,,,,,,,,,,,,,,,,,,,,,,,,,,,,,,,,,,,,,,,,,,,,,,,,,,,,,,,,,,,,,,,,,,,,,,,,,,,,,,,,,
Orbital - Installation - Military,Vacuna,❌,4,0.8,,Orbital,Installation,,,,,,,,Orbital - Installation - Military,Vacuna,❌,4,0.8,,Orbital,Installation,,,,,,,,,,,,,,,,,,,,,,,,,,,,,,,,,,,,,,,,,,,,,,,,,,,,,,,,,,,,,,,,,,,,,,,,,,,,,,,,,,,,,,,,,,,,,,,,,,,,,,,,,,,,,,,
Orbital - Installation - Military,Alastor,❌,4,0.8,,Orbital,Installation,"❗Doesn't work as prerequisite, use Vacuna layout!",,,,,,,Orbital - Installation - Military,Alastor,❌,4,0.8,,Orbital,Installation,"❗Doesn't work as prerequisite, use Vacuna layout!",,,,,,,,,,,,,,,,,,,,,,,,,,,,,,,,,,,,,,,,,,,,,,,,,,,,,,,,,,,,,,,,,,,,,,,,,,,,,,,,,,,,,,,,,,,,,,,,,,,,,,,,,,,,,,
Orbital - Installation - Security Station,Dicaeosyne,❌,3,0.8,,Orbital,Installation,,,1400,1400,,,,Orbital - Installation - Security Station,Dicaeosyne,❌,3,0.8,,Orbital,Installation,,,1400,1400,,,,,,,,,,,,,,,,,,,,,,,,,,,,,,,,,,,,,,,,,,,,,,,,,,,,,,,,,,,,,,,,,,,,,,,,,,,,,,,,,,,,,,,,,,,,,,,,,,,,,,,,,,,
Orbital - Installation - Security Station,Poena,❌,3,0.8,,Orbital,Installation,,,1400,1400,,,,Orbital - Installation - Security Station,Poena,❌,3,0.8,,Orbital,Installation,,,1400,1400,,,,,,,,,,,,,,,,,,,,,,,,,,,,,,,,,,,,,,,,,,,,,,,,,,,,,,,,,,,,,,,,,,,,,,,,,,,,,,,,,,,,,,,,,,,,,,,,,,,,,,,,,,,
Orbital - Installation - Security Station,Eunomia,❌,3,0.8,,Orbital,Installation,❗Visual/Name: shows up as Scientific Installation,,1400,1400,,,,Orbital - Installation - Security Station,Eunomia,❌,3,0.8,,Orbital,Installation,❗Visual/Name: shows up as Scientific Installation,,1400,1400,,,,,,,,,,,,,,,,,,,,,,,,,,,,,,,,,,,,,,,,,,,,,,,,,,,,,,,,,,,,,,,,,,,,,,,,,,,,,,,,,,,,,,,,,,,,,,,,,,,,,,,,,,,
Orbital - Installation - Security Station,Nomos,❌,3,0.8,,Orbital,Installation,❗Visual/Name: shows up as Scientific Installation,,1400,1400,,,,Orbital - Installation - Security Station,Nomos,❌,3,0.8,,Orbital,Installation,❗Visual/Name: shows up as Scientific Installation,,1400,1400,,,,,,,,,,,,,,,,,,,,,,,,,,,,,,,,,,,,,,,,,,,,,,,,,,,,,,,,,,,,,,,,,,,,,,,,,,,,,,,,,,,,,,,,,,,,,,,,,,,,,,,,,,,
Orbital - Installation - Government,Harmonia,❌,3,0,,Orbital,Installation,,,1400,1400,,,,Orbital - Installation - Government,Harmonia,❌,3,0,,Orbital,Installation,,,1400,1400,,,,,,,,,,,,,,,,,,,,,,,,,,,,,,,,,,,,,,,,,,,,,,,,,,,,,,,,,,,,,,,,,,,,,,,,,,,,,,,,,,,,,,,,,,,,,,,,,,,,,,,,,,,
Orbital - Installation - Medical,Asclepius,❌,4,0.8,,Orbital,Installation,,,1300,1300,,,,Orbital - Installation - Medical,Asclepius,❌,4,0.8,,Orbital,Installation,,,1300,1300,,,,,,,,,,,,,,,,,,,,,,,,,,,,,,,,,,,,,,,,,,,,,,,,,,,,,,,,,,,,,,,,,,,,,,,,,,,,,,,,,,,,,,,,,,,,,,,,,,,,,,,,,,,
Orbital - Installation - Medical,Eupraxia,❌,4,0.8,,Orbital,Installation,,,1300,1300,,,,Orbital - Installation - Medical,Eupraxia,❌,4,0.8,,Orbital,Installation,,,1300,1300,,,,,,,,,,,,,,,,,,,,,,,,,,,,,,,,,,,,,,,,,,,,,,,,,,,,,,,,,,,,,,,,,,,,,,,,,,,,,,,,,,,,,,,,,,,,,,,,,,,,,,,,,,,
Orbital - Installation - Research Station,Astraeus,❌,4,0.8,,Orbital,Installation,,,3200,3200,,,,Orbital - Installation - Research Station,Astraeus,❌,4,0.8,,Orbital,Installation,,,3200,3200,,,,,,,,,,,,,,,,,,,,,,,,,,,,,,,,,,,,,,,,,,,,,,,,,,,,,,,,,,,,,,,,,,,,,,,,,,,,,,,,,,,,,,,,,,,,,,,,,,,,,,,,,,,
Orbital - Installation - Research Station,Coeus,❌,4,0.8,,Orbital,Installation,,,3200,3200,,,,Orbital - Installation - Research Station,Coeus,❌,4,0.8,,Orbital,Installation,,,3200,3200,,,,,,,,,,,,,,,,,,,,,,,,,,,,,,,,,,,,,,,,,,,,,,,,,,,,,,,,,,,,,,,,,,,,,,,,,,,,,,,,,,,,,,,,,,,,,,,,,,,,,,,,,,,
Orbital - Installation - Research Station,Dodona,❌,4,0.8,,Orbital,Installation,,,3200,3200,,,,Orbital - Installation - Research Station,Dodona,❌,4,0.8,,Orbital,Installation,,,3200,3200,,,,,,,,,,,,,,,,,,,,,,,,,,,,,,,,,,,,,,,,,,,,,,,,,,,,,,,,,,,,,,,,,,,,,,,,,,,,,,,,,,,,,,,,,,,,,,,,,,,,,,,,,,,
Orbital - Installation - Research Station,Dione,❌,4,0.8,,Orbital,Installation,,,3200,3200,,,,Orbital - Installation - Research Station,Dione,❌,4,0.8,,Orbital,Installation,,,3200,3200,,,,,,,,,,,,,,,,,,,,,,,,,,,,,,,,,,,,,,,,,,,,,,,,,,,,,,,,,,,,,,,,,,,,,,,,,,,,,,,,,,,,,,,,,,,,,,,,,,,,,,,,,,,
Orbital - Installation - Tourist,Hedone,❌,3,0.8,,Orbital,Installation,,,,,,,,Orbital - Installation - Tourist,Hedone,❌,3,0.8,,Orbital,Installation,,,,,,,,,,,,,,,,,,,,,,,,,,,,,,,,,,,,,,,,,,,,,,,,,,,,,,,,,,,,,,,,,,,,,,,,,,,,,,,,,,,,,,,,,,,,,,,,,,,,,,,,,,,,,,,
Orbital - Installation - Tourist,Opora,❌,3,0.8,,Orbital,Installation,,,,,,,,Orbital - Installation - Tourist,Opora,❌,3,0.8,,Orbital,Installation,,,,,,,,,,,,,,,,,,,,,,,,,,,,,,,,,,,,,,,,,,,,,,,,,,,,,,,,,,,,,,,,,,,,,,,,,,,,,,,,,,,,,,,,,,,,,,,,,,,,,,,,,,,,,,,
Orbital - Installation - Tourist,Pasithea,❌,3,0.8,,Orbital,Installation,,,,,,,,Orbital - Installation - Tourist,Pasithea,❌,3,0.8,,Orbital,Installation,,,,,,,,,,,,,,,,,,,,,,,,,,,,,,,,,,,,,,,,,,,,,,,,,,,,,,,,,,,,,,,,,,,,,,,,,,,,,,,,,,,,,,,,,,,,,,,,,,,,,,,,,,,,,,,
Orbital - Installation - Space Bar,Dionysus,❌,4,0.8,,Orbital,Installation,,,,,,,,Orbital - Installation - Space Bar,Dionysus,❌,4,0.8,,Orbital,Installation,,,,,,,,,,,,,,,,,,,,,,,,,,,,,,,,,,,,,,,,,,,,,,,,,,,,,,,,,,,,,,,,,,,,,,,,,,,,,,,,,,,,,,,,,,,,,,,,,,,,,,,,,,,,,,,
Orbital - Installation - Space Bar,Bacchus,❌,4,0.8,,Orbital,Installation,,,,,,,,Orbital - Installation - Space Bar,Bacchus,❌,4,0.8,,Orbital,Installation,,,,,,,,,,,,,,,,,,,,,,,,,,,,,,,,,,,,,,,,,,,,,,,,,,,,,,,,,,,,,,,,,,,,,,,,,,,,,,,,,,,,,,,,,,,,,,,,,,,,,,,,,,,,,,,
Surface - Planetary Port - Outpost Civilian,Hestia,L,4,0.4,,Surface,Planetary Port,,,16000,20000,,,,Surface - Planetary Port - Outpost Civilian,Hestia,L,4,0.4,,Surface,Planetary Port,,,16000,20000,,,,,,,,,,,,,,,,,,,,,,,,,,,,,,,,,,,,,,,,,,,,,,,,,,,,,,,,,,,,,,,,,,,,,,,,,,,,,,,,,,,,,,,,,,,,,,,,,,,,,,,,,,,
Surface - Planetary Port - Outpost Civilian,Decima,L,4,0.4,,Surface,Planetary Port,,,16000,20000,,,,Surface - Planetary Port - Outpost Civilian,Decima,L,4,0.4,,Surface,Planetary Port,,,16000,20000,,,,,,,,,,,,,,,,,,,,,,,,,,,,,,,,,,,,,,,,,,,,,,,,,,,,,,,,,,,,,,,,,,,,,,,,,,,,,,,,,,,,,,,,,,,,,,,,,,,,,,,,,,,
Surface - Planetary Port - Outpost Civilian,Atropos,L,4,0.4,,Surface,Planetary Port,,,16000,20000,,,,Surface - Planetary Port - Outpost Civilian,Atropos,L,4,0.4,,Surface,Planetary Port,,,16000,20000,,,,,,,,,,,,,,,,,,,,,,,,,,,,,,,,,,,,,,,,,,,,,,,,,,,,,,,,,,,,,,,,,,,,,,,,,,,,,,,,,,,,,,,,,,,,,,,,,,,,,,,,,,,
Surface - Planetary Port - Outpost Civilian,Nona,L,4,0.4,,Surface,Planetary Port,,,16000,20000,,,,Surface - Planetary Port - Outpost Civilian,Nona,L,4,0.4,,Surface,Planetary Port,,,16000,20000,,,,,,,,,,,,,,,,,,,,,,,,,,,,,,,,,,,,,,,,,,,,,,,,,,,,,,,,,,,,,,,,,,,,,,,,,,,,,,,,,,,,,,,,,,,,,,,,,,,,,,,,,,,
Surface - Planetary Port - Outpost Civilian,Lachesis,L,4,0.4,,Surface,Planetary Port,,,16000,20000,,,,Surface - Planetary Port - Outpost Civilian,Lachesis,L,4,0.4,,Surface,Planetary Port,,,16000,20000,,,,,,,,,,,,,,,,,,,,,,,,,,,,,,,,,,,,,,,,,,,,,,,,,,,,,,,,,,,,,,,,,,,,,,,,,,,,,,,,,,,,,,,,,,,,,,,,,,,,,,,,,,,
Surface - Planetary Port - Outpost Civilian,Clotho,L,4,0.4,,Surface,Planetary Port,,,16000,20000,,,,Surface - Planetary Port - Outpost Civilian,Clotho,L,4,0.4,,Surface,Planetary Port,,,16000,20000,,,,,,,,,,,,,,,,,,,,,,,,,,,,,,,,,,,,,,,,,,,,,,,,,,,,,,,,,,,,,,,,,,,,,,,,,,,,,,,,,,,,,,,,,,,,,,,,,,,,,,,,,,,
Surface - Planetary Port - Outpost Industrial,Hephaestus,L,4,0.4,,Surface,Planetary Port,,,8000,8000,,,,Surface - Planetary Port - Outpost Industrial,Hephaestus,L,4,0.4,,Surface,Planetary Port,,,8000,8000,,,,,,,,,,,,,,,,,,,,,,,,,,,,,,,,,,,,,,,,,,,,,,,,,,,,,,,,,,,,,,,,,,,,,,,,,,,,,,,,,,,,,,,,,,,,,,,,,,,,,,,,,,,
Surface - Planetary Port - Outpost Industrial,Opis,L,4,0.4,,Surface,Planetary Port,,,8000,8000,,,,Surface - Planetary Port - Outpost Industrial,Opis,L,4,0.4,,Surface,Planetary Port,,,8000,8000,,,,,,,,,,,,,,,,,,,,,,,,,,,,,,,,,,,,,,,,,,,,,,,,,,,,,,,,,,,,,,,,,,,,,,,,,,,,,,,,,,,,,,,,,,,,,,,,,,,,,,,,,,,
Surface - Planetary Port - Outpost Industrial,Ponos,L,4,0.4,,Surface,Planetary Port,,,8000,8000,,,,Surface - Planetary Port - Outpost Industrial,Ponos,L,4,0.4,,Surface,Planetary Port,,,8000,8000,,,,,,,,,,,,,,,,,,,,,,,,,,,,,,,,,,,,,,,,,,,,,,,,,,,,,,,,,,,,,,,,,,,,,,,,,,,,,,,,,,,,,,,,,,,,,,,,,,,,,,,,,,,
Surface - Planetary Port - Outpost Industrial,Tethys,L,4,0.4,,Surface,Planetary Port,,,8000,8000,,,,Surface - Planetary Port - Outpost Industrial,Tethys,L,4,0.4,,Surface,Planetary Port,,,8000,8000,,,,,,,,,,,,,,,,,,,,,,,,,,,,,,,,,,,,,,,,,,,,,,,,,,,,,,,,,,,,,,,,,,,,,,,,,,,,,,,,,,,,,,,,,,,,,,,,,,,,,,,,,,,
Surface - Planetary Port - Outpost Industrial,Bia,L,4,0.4,,Surface,Planetary Port,,,8000,8000,,,,Surface - Planetary Port - Outpost Industrial,Bia,L,4,0.4,,Surface,Planetary Port,,,8000,8000,,,,,,,,,,,,,,,,,,,,,,,,,,,,,,,,,,,,,,,,,,,,,,,,,,,,,,,,,,,,,,,,,,,,,,,,,,,,,,,,,,,,,,,,,,,,,,,,,,,,,,,,,,,
Surface - Planetary Port - Outpost Industrial,Mefitis,L,4,0.4,,Surface,Planetary Port,,,8000,8000,,,,Surface - Planetary Port - Outpost Industrial,Mefitis,L,4,0.4,,Surface,Planetary Port,,,8000,8000,,,,,,,,,,,,,,,,,,,,,,,,,,,,,,,,,,,,,,,,,,,,,,,,,,,,,,,,,,,,,,,,,,,,,,,,,,,,,,,,,,,,,,,,,,,,,,,,,,,,,,,,,,,
Surface - Planetary Port - Outpost Scientific,Necessitas,L,4,0.4,,Surface,Planetary Port,,,8000,8000,,,,Surface - Planetary Port - Outpost Scientific,Necessitas,L,4,0.4,,Surface,Planetary Port,,,8000,8000,,,,,,,,,,,,,,,,,,,,,,,,,,,,,,,,,,,,,,,,,,,,,,,,,,,,,,,,,,,,,,,,,,,,,,,,,,,,,,,,,,,,,,,,,,,,,,,,,,,,,,,,,,,
Surface - Planetary Port - Outpost Scientific,Ananke,L,4,0.4,,Surface,Planetary Port,,,8000,8000,,,,Surface - Planetary Port - Outpost Scientific,Ananke,L,4,0.4,,Surface,Planetary Port,,,8000,8000,,,,,,,,,,,,,,,,,,,,,,,,,,,,,,,,,,,,,,,,,,,,,,,,,,,,,,,,,,,,,,,,,,,,,,,,,,,,,,,,,,,,,,,,,,,,,,,,,,,,,,,,,,,
Surface - Planetary Port - Outpost Scientific,Fauna,L,4,0.4,,Surface,Planetary Port,,,8000,8000,,,,Surface - Planetary Port - Outpost Scientific,Fauna,L,4,0.4,,Surface,Planetary Port,,,8000,8000,,,,,,,,,,,,,,,,,,,,,,,,,,,,,,,,,,,,,,,,,,,,,,,,,,,,,,,,,,,,,,,,,,,,,,,,,,,,,,,,,,,,,,,,,,,,,,,,,,,,,,,,,,,
Surface - Planetary Port - Outpost Scientific,Providentia,L,4,0.4,,Surface,Planetary Port,,,8000,8000,,,,Surface - Planetary Port - Outpost Scientific,Providentia,L,4,0.4,,Surface,Planetary Port,,,8000,8000,,,,,,,,,,,,,,,,,,,,,,,,,,,,,,,,,,,,,,,,,,,,,,,,,,,,,,,,,,,,,,,,,,,,,,,,,,,,,,,,,,,,,,,,,,,,,,,,,,,,,,,,,,,
Surface - Planetary Port - Outpost Scientific,Antevorta,L,4,0.4,,Surface,Planetary Port,,,8000,8000,,,,Surface - Planetary Port - Outpost Scientific,Antevorta,L,4,0.4,,Surface,Planetary Port,,,8000,8000,,,,,,,,,,,,,,,,,,,,,,,,,,,,,,,,,,,,,,,,,,,,,,,,,,,,,,,,,,,,,,,,,,,,,,,,,,,,,,,,,,,,,,,,,,,,,,,,,,,,,,,,,,,
Surface - Planetary Port - Outpost Scientific,Porrima,L,4,0.4,,Surface,Planetary Port,,,8000,8000,,,,Surface - Planetary Port - Outpost Scientific,Porrima,L,4,0.4,,Surface,Planetary Port,,,8000,8000,,,,,,,,,,,,,,,,,,,,,,,,,,,,,,,,,,,,,,,,,,,,,,,,,,,,,,,,,,,,,,,,,,,,,,,,,,,,,,,,,,,,,,,,,,,,,,,,,,,,,,,,,,,
Surface - Planetary Port - Port,Zeus,L,15,1.2,,Surface,Planetary Port,,,200000,200000,,,,Surface - Planetary Port - Port,Zeus,L,15,1.2,,Surface,Planetary Port,,,200000,200000,,,,,,,,,,,,,,,,,,,,,,,,,,,,,,,,,,,,,,,,,,,,,,,,,,,,,,,,,,,,,,,,,,,,,,,,,,,,,,,,,,,,,,,,,,,,,,,,,,,,,,,,,,,
Surface - Planetary Port - Port,Hera,L,15,1.2,,Surface,Planetary Port,,,200000,200000,,,,Surface - Planetary Port - Port,Hera,L,15,1.2,,Surface,Planetary Port,,,200000,200000,,,,,,,,,,,,,,,,,,,,,,,,,,,,,,,,,,,,,,,,,,,,,,,,,,,,,,,,,,,,,,,,,,,,,,,,,,,,,,,,,,,,,,,,,,,,,,,,,,,,,,,,,,,
Surface - Planetary Port - Port,Poseidon,L,15,1.2,,Surface,Planetary Port,,,200000,200000,,,,Surface - Planetary Port - Port,Poseidon,L,15,1.2,,Surface,Planetary Port,,,200000,200000,,,,,,,,,,,,,,,,,,,,,,,,,,,,,,,,,,,,,,,,,,,,,,,,,,,,,,,,,,,,,,,,,,,,,,,,,,,,,,,,,,,,,,,,,,,,,,,,,,,,,,,,,,,
Surface - Planetary Port - Port,Aphrodite,L,15,1.2,,Surface,Planetary Port,,,200000,200000,,,,Surface - Planetary Port - Port,Aphrodite,L,15,1.2,,Surface,Planetary Port,,,200000,200000,,,,,,,,,,,,,,,,,,,,,,,,,,,,,,,,,,,,,,,,,,,,,,,,,,,,,,,,,,,,,,,,,,,,,,,,,,,,,,,,,,,,,,,,,,,,,,,,,,,,,,,,,,,
Surface - Settlement - Agriculture T1 S,Consus (S),S,1,0.4,,Surface,Settlement,,,80,80,,,,Surface - Settlement - Agriculture T1 S,Consus (S),S,1,0.4,,Surface,Settlement,,,80,80,,,,,,,,,,,,,,,,,,,,,,,,,,,,,,,,,,,,,,,,,,,,,,,,,,,,,,,,,,,,,,,,,,,,,,,,,,,,,,,,,,,,,,,,,,,,,,,,,,,,,,,,,,,
Surface - Settlement - Agriculture T1 M,Picumnus (L),L,2,0.4,,Surface,Settlement,,Small (+),550,550,,,,Surface - Settlement - Agriculture T1 M,Picumnus (L),L,2,0.4,,Surface,Settlement,,Small (+),550,550,,,,,,,,,,,,,,,,,,,,,,,,,,,,,,,,,,,,,,,,,,,,,,,,,,,,,,,,,,,,,,,,,,,,,,,,,,,,,,,,,,,,,,,,,,,,,,,,,,,,,,,,,,,
Surface - Settlement - Agriculture T1 M,Annona (S),S,2,0.4,,Surface,Settlement,,,,,,,,Surface - Settlement - Agriculture T1 M,Annona (S),S,2,0.4,,Surface,Settlement,,,,,,,,,,,,,,,,,,,,,,,,,,,,,,,,,,,,,,,,,,,,,,,,,,,,,,,,,,,,,,,,,,,,,,,,,,,,,,,,,,,,,,,,,,,,,,,,,,,,,,,,,,,,,,,
Surface - Settlement - Agriculture T2 L,Ceres (L),L,4,0.8,,Surface,Settlement,,,1300,1600,,,,Surface - Settlement - Agriculture T2 L,Ceres (L),L,4,0.8,,Surface,Settlement,,,1300,1600,,,,,,,,,,,,,,,,,,,,,,,,,,,,,,,,,,,,,,,,,,,,,,,,,,,,,,,,,,,,,,,,,,,,,,,,,,,,,,,,,,,,,,,,,,,,,,,,,,,,,,,,,,,
Surface - Settlement - Agriculture T2 L,Fornax (L),L,4,0.8,,Surface,Settlement,,,1300,1600,,,,Surface - Settlement - Agriculture T2 L,Fornax (L),L,4,0.8,,Surface,Settlement,,,1300,1600,,,,,,,,,,,,,,,,,,,,,,,,,,,,,,,,,,,,,,,,,,,,,,,,,,,,,,,,,,,,,,,,,,,,,,,,,,,,,,,,,,,,,,,,,,,,,,,,,,,,,,,,,,,
Surface - Settlement - Extraction T1 S,Ourea (S),S,1,0.4,,Surface,Settlement,,,,,,,,Surface - Settlement - Extraction T1 S,Ourea (S),S,1,0.4,,Surface,Settlement,,,,,,,,,,,,,,,,,,,,,,,,,,,,,,,,,,,,,,,,,,,,,,,,,,,,,,,,,,,,,,,,,,,,,,,,,,,,,,,,,,,,,,,,,,,,,,,,,,,,,,,,,,,,,,,
Surface - Settlement - Extraction T1 M,Mantus (M),M,2,0.4,,Surface,Settlement,,Small (+),500,550,,,,Surface - Settlement - Extraction T1 M,Mantus (M),M,2,0.4,,Surface,Settlement,,Small (+),500,550,,,,,,,,,,,,,,,,,,,,,,,,,,,,,,,,,,,,,,,,,,,,,,,,,,,,,,,,,,,,,,,,,,,,,,,,,,,,,,,,,,,,,,,,,,,,,,,,,,,,,,,,,,,
Surface - Settlement - Extraction T1 M,Orcus (L),L,2,0.4,,Surface,Settlement,,,450,550,,,,Surface - Settlement - Extraction T1 M,Orcus (L),L,2,0.4,,Surface,Settlement,,,450,550,,,,,,,,,,,,,,,,,,,,,,,,,,,,,,,,,,,,,,,,,,,,,,,,,,,,,,,,,,,,,,,,,,,,,,,,,,,,,,,,,,,,,,,,,,,,,,,,,,,,,,,,,,,
Surface - Settlement - Extraction T2 L,Erebus (L),L,4,0.8,,Surface,Settlement,,Medium (++),1300,1500,,,,Surface - Settlement - Extraction T2 L,Erebus (L),L,4,0.8,,Surface,Settlement,,Medium (++),1300,1500,,,,,,,,,,,,,,,,,,,,,,,,,,,,,,,,,,,,,,,,,,,,,,,,,,,,,,,,,,,,,,,,,,,,,,,,,,,,,,,,,,,,,,,,,,,,,,,,,,,,,,,,,,,
Surface - Settlement - Extraction T2 L,Aerecura (L),L,4,0.8,,Surface,Settlement,,,1300,1500,,,,Surface - Settlement - Extraction T2 L,Aerecura (L),L,4,0.8,,Surface,Settlement,,,1300,1500,,,,,,,,,,,,,,,,,,,,,,,,,,,,,,,,,,,,,,,,,,,,,,,,,,,,,,,,,,,,,,,,,,,,,,,,,,,,,,,,,,,,,,,,,,,,,,,,,,,,,,,,,,,
Surface - Settlement - Industrial T1 S,Fontus (S),S,1,0.4,,Surface,Settlement,,,,,,,,Surface - Settlement - Industrial T1 S,Fontus (S),S,1,0.4,,Surface,Settlement,,,,,,,,,,,,,,,,,,,,,,,,,,,,,,,,,,,,,,,,,,,,,,,,,,,,,,,,,,,,,,,,,,,,,,,,,,,,,,,,,,,,,,,,,,,,,,,,,,,,,,,,,,,,,,,
Surface - Settlement - Industrial T1 M,Meteope (L),L,2,0.4,,Surface,Settlement,,,400,500,,,,Surface - Settlement - Industrial T1 M,Meteope (L),L,2,0.4,,Surface,Settlement,,,400,500,,,,,,,,,,,,,,,,,,,,,,,,,,,,,,,,,,,,,,,,,,,,,,,,,,,,,,,,,,,,,,,,,,,,,,,,,,,,,,,,,,,,,,,,,,,,,,,,,,,,,,,,,,,
Surface - Settlement - Industrial T1 M,Palici (L),L,2,0.4,,Surface,Settlement,,,400,500,,,,Surface - Settlement - Industrial T1 M,Palici (L),L,2,0.4,,Surface,Settlement,,,400,500,,,,,,,,,,,,,,,,,,,,,,,,,,,,,,,,,,,,,,,,,,,,,,,,,,,,,,,,,,,,,,,,,,,,,,,,,,,,,,,,,,,,,,,,,,,,,,,,,,,,,,,,,,,
Surface - Settlement - Industrial T1 M,Minthe (M),M,2,0.4,,Surface,Settlement,,,400,500,,,,Surface - Settlement - Industrial T1 M,Minthe (M),M,2,0.4,,Surface,Settlement,,,400,500,,,,,,,,,,,,,,,,,,,,,,,,,,,,,,,,,,,,,,,,,,,,,,,,,,,,,,,,,,,,,,,,,,,,,,,,,,,,,,,,,,,,,,,,,,,,,,,,,,,,,,,,,,,
Surface - Settlement - Industrial T2 L,Gaea (L),L,4,0.8,,Surface,Settlement,,,1300,1600,,,,Surface - Settlement - Industrial T2 L,Gaea (L),L,4,0.8,,Surface,Settlement,,,1300,1600,,,,,,,,,,,,,,,,,,,,,,,,,,,,,,,,,,,,,,,,,,,,,,,,,,,,,,,,,,,,,,,,,,,,,,,,,,,,,,,,,,,,,,,,,,,,,,,,,,,,,,,,,,,
Surface - Settlement - Military T1 S,Ioke (M),M,1,0.4,,Surface,Settlement,,,80,80,,,,Surface - Settlement - Military T1 S,Ioke (M),M,1,0.4,,Surface,Settlement,,,80,80,,,,,,,,,,,,,,,,,,,,,,,,,,,,,,,,,,,,,,,,,,,,,,,,,,,,,,,,,,,,,,,,,,,,,,,,,,,,,,,,,,,,,,,,,,,,,,,,,,,,,,,,,,,
Surface - Settlement - Military T1 M,Bellona (S),S,2,0.4,,Surface,Settlement,,,,,,,,Surface - Settlement - Military T1 M,Bellona (S),S,2,0.4,,Surface,Settlement,,,,,,,,,,,,,,,,,,,,,,,,,,,,,,,,,,,,,,,,,,,,,,,,,,,,,,,,,,,,,,,,,,,,,,,,,,,,,,,,,,,,,,,,,,,,,,,,,,,,,,,,,,,,,,,
Surface - Settlement - Military T1 M,Enyo (M),M,2,0.4,,Surface,Settlement,,,400,550,,,,Surface - Settlement - Military T1 M,Enyo (M),M,2,0.4,,Surface,Settlement,,,400,550,,,,,,,,,,,,,,,,,,,,,,,,,,,,,,,,,,,,,,,,,,,,,,,,,,,,,,,,,,,,,,,,,,,,,,,,,,,,,,,,,,,,,,,,,,,,,,,,,,,,,,,,,,,
Surface - Settlement - Military T1 M,Polemos (M),M,2,0.4,,Surface,Settlement,,,400,550,,,,Surface - Settlement - Military T1 M,Polemos (M),M,2,0.4,,Surface,Settlement,,,400,550,,,,,,,,,,,,,,,,,,,,,,,,,,,,,,,,,,,,,,,,,,,,,,,,,,,,,,,,,,,,,,,,,,,,,,,,,,,,,,,,,,,,,,,,,,,,,,,,,,,,,,,,,,,
Surface - Settlement - Military T2 L,Minerva (L),L,4,0.8,,Surface,Settlement,,,1400,1600,,,,Surface - Settlement - Military T2 L,Minerva (L),L,4,0.8,,Surface,Settlement,,,1400,1600,,,,,,,,,,,,,,,,,,,,,,,,,,,,,,,,,,,,,,,,,,,,,,,,,,,,,,,,,,,,,,,,,,,,,,,,,,,,,,,,,,,,,,,,,,,,,,,,,,,,,,,,,,,
Surface - Settlement - Research Bio T1 S,Pheobe (S),S,2,0.8,,Surface,Settlement,,,,,,,,Surface - Settlement - Research Bio T1 S,Pheobe (S),S,2,0.8,,Surface,Settlement,,,,,,,,,,,,,,,,,,,,,,,,,,,,,,,,,,,,,,,,,,,,,,,,,,,,,,,,,,,,,,,,,,,,,,,,,,,,,,,,,,,,,,,,,,,,,,,,,,,,,,,,,,,,,,,
Surface - Settlement - Research Bio T1 M,Asteria (S),S,2,0.8,,Surface,Settlement,,,,,,,,Surface - Settlement - Research Bio T1 M,Asteria (S),S,2,0.8,,Surface,Settlement,,,,,,,,,,,,,,,,,,,,,,,,,,,,,,,,,,,,,,,,,,,,,,,,,,,,,,,,,,,,,,,,,,,,,,,,,,,,,,,,,,,,,,,,,,,,,,,,,,,,,,,,,,,,,,,
Surface - Settlement - Research Bio T1 M,Caerus (S),S,2,0.8,,Surface,Settlement,,,,,,,,Surface - Settlement - Research Bio T1 M,Caerus (S),S,2,0.8,,Surface,Settlement,,,,,,,,,,,,,,,,,,,,,,,,,,,,,,,,,,,,,,,,,,,,,,,,,,,,,,,,,,,,,,,,,,,,,,,,,,,,,,,,,,,,,,,,,,,,,,,,,,,,,,,,,,,,,,,
Surface - Settlement - Research Bio T2 L,Chronos (L),L,4,0.8,,Surface,Settlement,,,1400,1500,,,,Surface - Settlement - Research Bio T2 L,Chronos (L),L,4,0.8,,Surface,Settlement,,,1400,1500,,,,,,,,,,,,,,,,,,,,,,,,,,,,,,,,,,,,,,,,,,,,,,,,,,,,,,,,,,,,,,,,,,,,,,,,,,,,,,,,,,,,,,,,,,,,,,,,,,,,,,,,,,,
Surface - Settlement - Tourism T1 S,Aergia (M),M,1,0.8,,Surface,Settlement,,,,,,,,Surface - Settlement - Tourism T1 S,Aergia (M),M,1,0.8,,Surface,Settlement,,,,,,,,,,,,,,,,,,,,,,,,,,,,,,,,,,,,,,,,,,,,,,,,,,,,,,,,,,,,,,,,,,,,,,,,,,,,,,,,,,,,,,,,,,,,,,,,,,,,,,,,,,,,,,,
Surface - Settlement - Tourism T1 M,Comos (L),L,2,0.8,,Surface,Settlement,,,,,,,,Surface - Settlement - Tourism T1 M,Comos (L),L,2,0.8,,Surface,Settlement,,,,,,,,,,,,,,,,,,,,,,,,,,,,,,,,,,,,,,,,,,,,,,,,,,,,,,,,,,,,,,,,,,,,,,,,,,,,,,,,,,,,,,,,,,,,,,,,,,,,,,,,,,,,,,,
Surface - Settlement - Tourism T1 M,Gelos (L),L,2,0.8,,Surface,Settlement,,,,,,,,Surface - Settlement - Tourism T1 M,Gelos (L),L,2,0.8,,Surface,Settlement,,,,,,,,,,,,,,,,,,,,,,,,,,,,,,,,,,,,,,,,,,,,,,,,,,,,,,,,,,,,,,,,,,,,,,,,,,,,,,,,,,,,,,,,,,,,,,,,,,,,,,,,,,,,,,,
Surface - Settlement - Tourism T2 L,Fufluns (L),L,4,0.8,,Surface,Settlement,,,,,,,,Surface - Settlement - Tourism T2 L,Fufluns (L),L,4,0.8,,Surface,Settlement,,,,,,,,,,,,,,,,,,,,,,,,,,,,,,,,,,,,,,,,,,,,,,,,,,,,,,,,,,,,,,,,,,,,,,,,,,,,,,,,,,,,,,,,,,,,,,,,,,,,,,,,,,,,,,,
Surface - Hub - Extraction,Tartarus,❌,5,0.8,,Surface,Hub,,,1500,1500,,,,Surface - Hub - Extraction,Tartarus,❌,5,0.8,,Surface,Hub,,,1500,1500,,,,,,,,,,,,,,,,,,,,,,,,,,,,,,,,,,,,,,,,,,,,,,,,,,,,,,,,,,,,,,,,,,,,,,,,,,,,,,,,,,,,,,,,,,,,,,,,,,,,,,,,,,,
Surface - Hub - Civilian,Aegle,❌,5,0.8,,Surface,Hub,,,,,,,,Surface - Hub - Civilian,Aegle,❌,5,0.8,,Surface,Hub,,,,,,,,,,,,,,,,,,,,,,,,,,,,,,,,,,,,,,,,,,,,,,,,,,,,,,,,,,,,,,,,,,,,,,,,,,,,,,,,,,,,,,,,,,,,,,,,,,,,,,,,,,,,,,,
Surface - Hub - Exploration,Tellus A,❌,5,0.8,,Surface,Hub,,,,,,,,Surface - Hub - Exploration,Tellus A,❌,5,0.8,,Surface,Hub,,,,,,,,,,,,,,,,,,,,,,,,,,,,,,,,,,,,,,,,,,,,,,,,,,,,,,,,,,,,,,,,,,,,,,,,,,,,,,,,,,,,,,,,,,,,,,,,,,,,,,,,,,,,,,,
Surface - Hub - Outpost,Io,❌,5,0.8,,Surface,Hub,,,,,,,,Surface - Hub - Outpost,Io,❌,5,0.8,,Surface,Hub,,,,,,,,,,,,,,,,,,,,,,,,,,,,,,,,,,,,,,,,,,,,,,,,,,,,,,,,,,,,,,,,,,,,,,,,,,,,,,,,,,,,,,,,,,,,,,,,,,,,,,,,,,,,,,,
Surface - Hub - Scientific,Athena,❌,5,0.8,,Surface,Hub,,,,,,,,Surface - Hub - Scientific,Athena,❌,5,0.8,,Surface,Hub,,,,,,,,,,,,,,,,,,,,,,,,,,,,,,,,,,,,,,,,,,,,,,,,,,,,,,,,,,,,,,,,,,,,,,,,,,,,,,,,,,,,,,,,,,,,,,,,,,,,,,,,,,,,,,,
Surface - Hub - Scientific,Caelus,❌,5,0.8,,Surface,Hub,,,,,,,,Surface - Hub - Scientific,Caelus,❌,5,0.8,,Surface,Hub,,,,,,,,,,,,,,,,,,,,,,,,,,,,,,,,,,,,,,,,,,,,,,,,,,,,,,,,,,,,,,,,,,,,,,,,,,,,,,,,,,,,,,,,,,,,,,,,,,,,,,,,,,,,,,,
Surface - Hub - Military,Alala,❌,5,0.8,,Surface,Hub,,,,,,,,Surface - Hub - Military,Alala,❌,5,0.8,,Surface,Hub,,,,,,,,,,,,,,,,,,,,,,,,,,,,,,,,,,,,,,,,,,,,,,,,,,,,,,,,,,,,,,,,,,,,,,,,,,,,,,,,,,,,,,,,,,,,,,,,,,,,,,,,,,,,,,,
Surface - Hub - Military,Ares,❌,5,0.8,,Surface,Hub,,,,,,,,Surface - Hub - Military,Ares,❌,5,0.8,,Surface,Hub,,,,,,,,,,,,,,,,,,,,,,,,,,,,,,,,,,,,,,,,,,,,,,,,,,,,,,,,,,,,,,,,,,,,,,,,,,,,,,,,,,,,,,,,,,,,,,,,,,,,,,,,,,,,,,,
Surface - Hub - Refinery,Silenus,❌,5,0.8,,Surface,Hub,,Medium (++),1500,1600,,,,Surface - Hub - Refinery,Silenus,❌,5,0.8,,Surface,Hub,,Medium (++),1500,1600,,,,,,,,,,,,,,,,,,,,,,,,,,,,,,,,,,,,,,,,,,,,,,,,,,,,,,,,,,,,,,,,,,,,,,,,,,,,,,,,,,,,,,,,,,,,,,,,,,,,,,,,,,,
Surface - Hub - High Tech,Janus,❌,5,0.8,,Surface,Hub,,Small (+),,,,,,Surface - Hub - High Tech,Janus,❌,5,0.8,,Surface,Hub,,Small (+),,,,,,,,,,,,,,,,,,,,,,,,,,,,,,,,,,,,,,,,,,,,,,,,,,,,,,,,,,,,,,,,,,,,,,,,,,,,,,,,,,,,,,,,,,,,,,,,,,,,,,,,,,,,,
Surface - Hub - Industrial,Molae,❌,5,0.8,,Surface,Hub,,,1400,1400,,,,Surface - Hub - Industrial,Molae,❌,5,0.8,,Surface,Hub,,,1400,1400,,,,,,,,,,,,,,,,,,,,,,,,,,,,,,,,,,,,,,,,,,,,,,,,,,,,,,,,,,,,,,,,,,,,,,,,,,,,,,,,,,,,,,,,,,,,,,,,,,,,,,,,,,,
Surface - Hub - Industrial,Tellus B,❌,5,0.8,,Surface,Hub,,,1400,1400,,,,Surface - Hub - Industrial,Tellus B,❌,5,0.8,,Surface,Hub,,,1400,1400,,,,,,,,,,,,,,,,,,,,,,,,,,,,,,,,,,,,,,,,,,,,,,,,,,,,,,,,,,,,,,,,,,,,,,,,,,,,,,,,,,,,,,,,,,,,,,,,,,,,,,,,,,,
Surface - Hub - Industrial,Eunostus,❌,5,0.8,,Surface,Hub,,,1400,1400,,,,Surface - Hub - Industrial,Eunostus,❌,5,0.8,,Surface,Hub,,,1400,1400,,,,,,,,,,,,,,,,,,,,,,,,,,,,,,,,,,,,,,,,,,,,,,,,,,,,,,,,,,,,,,,,,,,,,,,,,,,,,,,,,,,,,,,,,,,,,,,,,,,,,,,,,,,
,,,,,,,,,,,,,,,,,,,,,,,,,,,,,,,,,,,,,,,,,,,,,,,,,,,,,,,,,,,,,,,,,,,,,,,,,,,,,,,,,,,,,,,,,,,,,,,,,,,,,,,,,,,,,,,,,,,,,,,,,,,,,,,,,,,,,
,,,,,,,,,,,,,,,,,,,,,,,,,,,,,,,,,,,,,,,,,,,,,,,,,,,,,,,,,,,,,,,,,,,,,,,,,,,,,,,,,,,,,,,,,,,,,,,,,,,,,,,,,,,,,,,,,,,,,,,,,,,,,,,,,,,,,
,,,,,,,,,,,,,,,,,,,,,,,,,,,,,,,,,,,,,,,,,,,,,,,,,,,,,,,,,,,,,,,,,,,,,,,,,,,,,,,,,,,,,,,,,,,,,,,,,,,,,,,,,,,,,,,,,,,,,,,,,,,,,,,,,,,,,
,,,,,,,,,,,,,,,,,,,,,,,,,,,,,,,,,,,,,,,,,,,,,,,,,,,,,,,,,,,,,,,,,,,,,,,,,,,,,,,,,,,,,,,,,,,,,,,,,,,,,,,,,,,,,,,,,,,,,,,,,,,,,,,,,,,,,
,,,,,,,,,,,,,,,,,,,,,,,,,,,,,,,,,,,,,,,,,,,,,,,,,,,,,,,,,,,,,,,,,,,,,,,,,,,,,,,,,,,,,,,,,,,,,,,,,,,,,,,,,,,,,,,,,,,,,,,,,,,,,,,,,,,,,
,,,,,,,,,,,,,,,,,,,,,,,,,,,,,,,,,,,,,,,,,,,,,,,,,,,,,,,,,,,,,,,,,,,,,,,,,,,,,,,,,,,,,,,,,,,,,,,,,,,,,,,,,,,,,,,,,,,,,,,,,,,,,,,,,,,,,
,,,,,,,,,,,,,,,,,,,,,,,,,,,,,,,,,,,,,,,,,,,,,,,,,,,,,,,,,,,,,,,,,,,,,,,,,,,,,,,,,,,,,,,,,,,,,,,,,,,,,,,,,,,,,,,,,,,,,,,,,,,,,,,,,,,,,
,,,,,,,,,,,,,,,,,,,,,,,,,,,,,,,,,,,,,,,,,,,,,,,,,,,,,,,,,,,,,,,,,,,,,,,,,,,,,,,,,,,,,,,,,,,,,,,,,,,,,,,,,,,,,,,,,,,,,,,,,,,,,,,,,,,,,
,,,,,,,,,,,,,,,,,,,,,,,,,,,,,,,,,,,,,,,,,,,,,,,,,,,,,,,,,,,,,,,,,,,,,,,,,,,,,,,,,,,,,,,,,,,,,,,,,,,,,,,,,,,,,,,,,,,,,,,,,,,,,,,,,,,,,
,,,,,,,,,,,,,,,,,,,,,,,,,,,,,,,,,,,,,,,,,,,,,,,,,,,,,,,,,,,,,,,,,,,,,,,,,,,,,,,,,,,,,,,,,,,,,,,,,,,,,,,,,,,,,,,,,,,,,,,,,,,,,,,,,,,,,
,,,,,,,,,,,,,,,,,,,,,,,,,,,,,,,,,,,,,,,,,,,,,,,,,,,,,,,,,,,,,,,,,,,,,,,,,,,,,,,,,,,,,,,,,,,,,,,,,,,,,,,,,,,,,,,,,,,,,,,,,,,,,,,,,,,,,
,,,,,,,,,,,,,,,,,,,,,,,,,,,,,,,,,,,,,,,,,,,,,,,,,,,,,,,,,,,,,,,,,,,,,,,,,,,,,,,,,,,,,,,,,,,,,,,,,,,,,,,,,,,,,,,,,,,,,,,,,,,,,,,,,,,,,
,,,,,,,,,,,,,,,,,,,,,,,,,,,,,,,,,,,,,,,,,,,,,,,,,,,,,,,,,,,,,,,,,,,,,,,,,,,,,,,,,,,,,,,,,,,,,,,,,,,,,,,,,,,,,,,,,,,,,,,,,,,,,,,,,,,,,
,,,,,,,,,,,,,,,,,,,,,,,,,,,,,,,,,,,,,,,,,,,,,,,,,,,,,,,,,,,,,,,,,,,,,,,,,,,,,,,,,,,,,,,,,,,,,,,,,,,,,,,,,,,,,,,,,,,,,,,,,,,,,,,,,,,,,
,,,,,,,,,,,,,,,,,,,,,,,,,,,,,,,,,,,,,,,,,,,,,,,,,,,,,,,,,,,,,,,,,,,,,,,,,,,,,,,,,,,,,,,,,,,,,,,,,,,,,,,,,,,,,,,,,,,,,,,,,,,,,,,,,,,,,
,,,,,,,,,,,,,,,,,,,,,,,,,,,,,,,,,,,,,,,,,,,,,,,,,,,,,,,,,,,,,,,,,,,,,,,,,,,,,,,,,,,,,,,,,,,,,,,,,,,,,,,,,,,,,,,,,,,,,,,,,,,,,,,,,,,,,
,,,,,,,,,,,,,,,,,,,,,,,,,,,,,,,,,,,,,,,,,,,,,,,,,,,,,,,,,,,,,,,,,,,,,,,,,,,,,,,,,,,,,,,,,,,,,,,,,,,,,,,,,,,,,,,,,,,,,,,,,,,,,,,,,,,,,
,,,,,,,,,,,,,,,,,,,,,,,,,,,,,,,,,,,,,,,,,,,,,,,,,,,,,,,,,,,,,,,,,,,,,,,,,,,,,,,,,,,,,,,,,,,,,,,,,,,,,,,,,,,,,,,,,,,,,,,,,,,,,,,,,,,,,
,,,,,,,,,,,,,,,,,,,,,,,,,,,,,,,,,,,,,,,,,,,,,,,,,,,,,,,,,,,,,,,,,,,,,,,,,,,,,,,,,,,,,,,,,,,,,,,,,,,,,,,,,,,,,,,,,,,,,,,,,,,,,,,,,,,,,
,,,,,,,,,,,,,,,,,,,,,,,,,,,,,,,,,,,,,,,,,,,,,,,,,,,,,,,,,,,,,,,,,,,,,,,,,,,,,,,,,,,,,,,,,,,,,,,,,,,,,,,,,,,,,,,,,,,,,,,,,,,,,,,,,,,,,
,,,,,,,,,,,,,,,,,,,,,,,,,,,,,,,,,,,,,,,,,,,,,,,,,,,,,,,,,,,,,,,,,,,,,,,,,,,,,,,,,,,,,,,,,,,,,,,,,,,,,,,,,,,,,,,,,,,,,,,,,,,,,,,,,,,,,
,,,,,,,,,,,,,,,,,,,,,,,,,,,,,,,,,,,,,,,,,,,,,,,,,,,,,,,,,,,,,,,,,,,,,,,,,,,,,,,,,,,,,,,,,,,,,,,,,,,,,,,,,,,,,,,,,,,,,,,,,,,,,,,,,,,,,
,,,,,,,,,,,,,,,,,,,,,,,,,,,,,,,,,,,,,,,,,,,,,,,,,,,,,,,,,,,,,,,,,,,,,,,,,,,,,,,,,,,,,,,,,,,,,,,,,,,,,,,,,,,,,,,,,,,,,,,,,,,,,,,,,,,,,
,,,,,,,,,,,,,,,,,,,,,,,,,,,,,,,,,,,,,,,,,,,,,,,,,,,,,,,,,,,,,,,,,,,,,,,,,,,,,,,,,,,,,,,,,,,,,,,,,,,,,,,,,,,,,,,,,,,,,,,,,,,,,,,,,,,,,
,,,,,,,,,,,,,,,,,,,,,,,,,,,,,,,,,,,,,,,,,,,,,,,,,,,,,,,,,,,,,,,,,,,,,,,,,,,,,,,,,,,,,,,,,,,,,,,,,,,,,,,,,,,,,,,,,,,,,,,,,,,,,,,,,,,,,
Orbital - Starport - Coriolis (Primary),No Truss (P),L,8,0.8,,Orbital,Starport,,,10000,15000,,,,,,,,,,,,,,,,,,,,,,,,,,,,,,,,,,,,,,,,,,,,,,,,,,,,,,,,,,,,,,,,,,,,,,,,,,,,,,,,,,,,,,,,,,,,,,,,,,,,,,,,,,,,,,,,,,,,,,,,,,
Orbital - Starport - Coriolis (Primary),Dual Truss (P),L,8,0.8,,Orbital,Starport,,,10000,15000,,,,,,,,,,,,,,,,,,,,,,,,,,,,,,,,,,,,,,,,,,,,,,,,,,,,,,,,,,,,,,,,,,,,,,,,,,,,,,,,,,,,,,,,,,,,,,,,,,,,,,,,,,,,,,,,,,,,,,,,,,
Orbital - Starport - Coriolis (Primary),Quad Truss (P),L,8,0.8,,Orbital,Starport,,,10000,15000,,,,,,,,,,,,,,,,,,,,,,,,,,,,,,,,,,,,,,,,,,,,,,,,,,,,,,,,,,,,,,,,,,,,,,,,,,,,,,,,,,,,,,,,,,,,,,,,,,,,,,,,,,,,,,,,,,,,,,,,,,
Orbital - Starport - Asteroid Base (Primary),Ice (P),L,8,0.8,,Orbital,Starport,,,15000,16000,,,,,,,,,,,,,,,,,,,,,,,,,,,,,,,,,,,,,,,,,,,,,,,,,,,,,,,,,,,,,,,,,,,,,,,,,,,,,,,,,,,,,,,,,,,,,,,,,,,,,,,,,,,,,,,,,,,,,,,,,,
Orbital - Starport - Asteroid Base (Primary),Metal (P),L,8,0.8,,Orbital,Starport,,,15000,16000,,,,,,,,,,,,,,,,,,,,,,,,,,,,,,,,,,,,,,,,,,,,,,,,,,,,,,,,,,,,,,,,,,,,,,,,,,,,,,,,,,,,,,,,,,,,,,,,,,,,,,,,,,,,,,,,,,,,,,,,,,
Orbital - Starport - Asteroid Base (Primary),Rock (P),L,8,0.8,,Orbital,Starport,,,15000,16000,,,,,,,,,,,,,,,,,,,,,,,,,,,,,,,,,,,,,,,,,,,,,,,,,,,,,,,,,,,,,,,,,,,,,,,,,,,,,,,,,,,,,,,,,,,,,,,,,,,,,,,,,,,,,,,,,,,,,,,,,,
Orbital - Starport - Ocellus (Primary),Ocellus (P),L,15,1.2,,Orbital,Starport,,,90000,115000,,,,,,,,,,,,,,,,,,,,,,,,,,,,,,,,,,,,,,,,,,,,,,,,,,,,,,,,,,,,,,,,,,,,,,,,,,,,,,,,,,,,,,,,,,,,,,,,,,,,,,,,,,,,,,,,,,,,,,,,,,
Orbital - Starport - Orbis (Primary),Apollo (P),L,15,1.2,,Orbital,Starport,,,90000,115000,,,,,,,,,,,,,,,,,,,,,,,,,,,,,,,,,,,,,,,,,,,,,,,,,,,,,,,,,,,,,,,,,,,,,,,,,,,,,,,,,,,,,,,,,,,,,,,,,,,,,,,,,,,,,,,,,,,,,,,,,,
Orbital - Starport - Orbis (Primary),Artemis (P),L,15,1.2,,Orbital,Starport,,,90000,115000,,,,,,,,,,,,,,,,,,,,,,,,,,,,,,,,,,,,,,,,,,,,,,,,,,,,,,,,,,,,,,,,,,,,,,,,,,,,,,,,,,,,,,,,,,,,,,,,,,,,,,,,,,,,,,,,,,,,,,,,,,
Orbital - Starport - Dodecahedron (Primary),No Truss Dodo (P),L,15,1.2,,Orbital,Starport,,,,,,,,,,,,,,,,,,,,,,,,,,,,,,,,,,,,,,,,,,,,,,,,,,,,,,,,,,,,,,,,,,,,,,,,,,,,,,,,,,,,,,,,,,,,,,,,,,,,,,,,,,,,,,,,,,,,,,,,,,,,,,
Orbital - Starport - Dodecahedron (Primary),Quint Truss (P),L,15,1.2,,Orbital,Starport,,,,,,,,,,,,,,,,,,,,,,,,,,,,,,,,,,,,,,,,,,,,,,,,,,,,,,,,,,,,,,,,,,,,,,,,,,,,,,,,,,,,,,,,,,,,,,,,,,,,,,,,,,,,,,,,,,,,,,,,,,,,,,
Orbital - Starport - Dodecahedron (Primary),Dec Truss (P),L,15,1.2,,Orbital,Starport,,,,,,,,,,,,,,,,,,,,,,,,,,,,,,,,,,,,,,,,,,,,,,,,,,,,,,,,,,,,,,,,,,,,,,,,,,,,,,,,,,,,,,,,,,,,,,,,,,,,,,,,,,,,,,,,,,,,,,,,,,,,,,
Orbital - Outpost - Commercial (Primary),Plutus (P),M,3,0.4,,Orbital,Outpost,,,4000,5000,,,,,,,,,,,,,,,,,,,,,,,,,,,,,,,,,,,,,,,,,,,,,,,,,,,,,,,,,,,,,,,,,,,,,,,,,,,,,,,,,,,,,,,,,,,,,,,,,,,,,,,,,,,,,,,,,,,,,,,,,,
Orbital - Outpost - Industrial (Primary),Vulcan (P),M,3,0.4,,Orbital,Outpost,,,4000,5000,,,,,,,,,,,,,,,,,,,,,,,,,,,,,,,,,,,,,,,,,,,,,,,,,,,,,,,,,,,,,,,,,,,,,,,,,,,,,,,,,,,,,,,,,,,,,,,,,,,,,,,,,,,,,,,,,,,,,,,,,,
Orbital - Outpost - Criminal (Primary),Dysnomia (P),M,3,0.4,,Orbital,Outpost,,,4000,5000,,,,,,,,,,,,,,,,,,,,,,,,,,,,,,,,,,,,,,,,,,,,,,,,,,,,,,,,,,,,,,,,,,,,,,,,,,,,,,,,,,,,,,,,,,,,,,,,,,,,,,,,,,,,,,,,,,,,,,,,,,
Orbital - Outpost - Civilian (Primary),Vesta (P),M,3,0.4,,Orbital,Outpost,,,4000,5000,,,,,,,,,,,,,,,,,,,,,,,,,,,,,,,,,,,,,,,,,,,,,,,,,,,,,,,,,,,,,,,,,,,,,,,,,,,,,,,,,,,,,,,,,,,,,,,,,,,,,,,,,,,,,,,,,,,,,,,,,,
Orbital - Outpost - Scientific (Primary),Prometheus (P),M,3,0.4,,Orbital,Outpost,,,8000,10000,,,,,,,,,,,,,,,,,,,,,,,,,,,,,,,,,,,,,,,,,,,,,,,,,,,,,,,,,,,,,,,,,,,,,,,,,,,,,,,,,,,,,,,,,,,,,,,,,,,,,,,,,,,,,,,,,,,,,,,,,,
Orbital - Outpost - Military (Primary),Nemesis (P),M,3,0.4,,Orbital,Outpost,,,10000,11000,,,,,,,,,,,,,,,,,,,,,,,,,,,,,,,,,,,,,,,,,,,,,,,,,,,,,,,,,,,,,,,,,,,,,,,,,,,,,,,,,,,,,,,,,,,,,,,,,,,,,,,,,,,,,,,,,,,,,,,,,,
,,,,,,,,,,,,,,,,,,,,,,,,,,,,,,,,,,,,,,,,,,,,,,,,,,,,,,,,,,,,,,,,,,,,,,,,,,,,,,,,,,,,,,,,,,,,,,,,,,,,,,,,,,,,,,,,,,,,,,,,,,,,,,,,,,,,,
,,,,,,,,,,,,,,,,,,,,,,,,,,,,,,,,,,,,,,,,,,,,,,,,,,,,,,,,,,,,,,,,,,,,,,,,,,,,,,,,,,,,,,,,,,,,,,,,,,,,,,,,,,,,,,,,,,,,,,,,,,,,,,,,,,,,,
,,,,,,,,,,,,,,,,,,,,,,,,,,,,,,,,,,,,,,,,,,,,,,,,,,,,,,,,,,,,,,,,,,,,,,,,,,,,,,,,,,,,,,,,,,,,,,,,,,,,,,,,,,,,,,,,,,,,,,,,,,,,,,,,,,,,,
,,,,,,,,,,,,,,,,,,,,,,,,,,,,,,,,,,,,,,,,,,,,,,,,,,,,,,,,,,,,,,,,,,,,,,,,,,,,,,,,,,,,,,,,,,,,,,,,,,,,,,,,,,,,,,,,,,,,,,,,,,,,,,,,,,,,,
,,,,,,,,,,,,,,,,,,,,,,,,,,,,,,,,,,,,,,,,,,,,,,,,,,,,,,,,,,,,,,,,,,,,,,,,,,,,,,,,,,,,,,,,,,,,,,,,,,,,,,,,,,,,,,,,,,,,,,,,,,,,,,,,,,,,,
,,,,,,,,,,,,,,,,,,,,,,,,,,,,,,,,,,,,,,,,,,,,,,,,,,,,,,,,,,,,,,,,,,,,,,,,,,,,,,,,,,,,,,,,,,,,,,,,,,,,,,,,,,,,,,,,,,,,,,,,,,,,,,,,,,,,,
,,,,,,,,,,,,,,,,,,,,,,,,,,,,,,,,,,,,,,,,,,,,,,,,,,,,,,,,,,,,,,,,,,,,,,,,,,,,,,,,,,,,,,,,,,,,,,,,,,,,,,,,,,,,,,,,,,,,,,,,,,,,,,,,,,,,,
,,,,,,,,,,,,,,,,,,,,,,,,,,,,,,,,,,,,,,,,,,,,,,,,,,,,,,,,,,,,,,,,,,,,,,,,,,,,,,,,,,,,,,,,,,,,,,,,,,,,,,,,,,,,,,,,,,,,,,,,,,,,,,,,,,,,,
End of import,,,,,,,,,,,,,,,,,,,,,,,,,,,,,,,,,,,,,,,,,,,,,,,,,,,,,,,,,,,,,,,,,,,,,,,,,,,,,,,,,,,,,,,,,,,,,,,,,,,,,,,,,,,,,,,,,,,,,,,,,,,,,,,,,,,,,
,,,,,,,,,,,,,,,,,,,,,,,,,,,,,,,,,,,,,,,,,,,,,,,,,,,,,,,,,,,,,,,,,,,,,,,,,,,,,,,,,,,,,,,,,,,,,,,,,,,,,,,,,,,,,,,,,,,,,,,,,,,,,,,,,,,,,
,,,,,,,,,,,,,,,,,,,,,,,,,,,,,,,,,,,,,,,,,,,,,,,,,,,,,,,,,,,,,,,,,,,,,,,,,,,,,,,,,,,,,,,,,,,,,,,,,,,,,,,,,,,,,,,,,,,,,,,,,,,,,,,,,,,,,
,,,,,,,,,,,,,,,,,,,,,,,,,,,,,,,,,,,,,,,,,,,,,,,,,,,,,,,,,,,,,,,,,,,,,,,,,,,,,,,,,,,,,,,,,,,,,,,,,,,,,,,,,,,,,,,,,,,,,,,,,,,,,,,,,,,,,
,,,,,,,,,,,,,,,,,,,,,,,,,,,,,,,,,,,,,,,,,,,,,,,,,,,,,,,,,,,,,,,,,,,,,,,,,,,,,,,,,,,,,,,,,,,,,,,,,,,,,,,,,,,,,,,,,,,,,,,,,,,,,,,,,,,,,
,,,,,,,,,,,,,,,,,,,,,,,,,,,,,,,,,,,,,,,,,,,,,,,,,,,,,,,,,,,,,,,,,,,,,,,,,,,,,,,,,,,,,,,,,,,,,,,,,,,,,,,,,,,,,,,,,,,,,,,,,,,,,,,,,,,,,
,,,,,,,,,,,,,,,,,,,,,,,,,,,,,,,,,,,,,,,,,,,,,,,,,,,,,,,,,,,,,,,,,,,,,,,,,,,,,,,,,,,,,,,,,,,,,,,,,,,,,,,,,,,,,,,,,,,,,,,,,,,,,,,,,,,,,
,,,,,,,,,,,,,,,,,,,,,,,,,,,,,,,,,,,,,,,,,,,,,,,,,,,,,,,,,,,,,,,,,,,,,,,,,,,,,,,,,,,,,,,,,,,,,,,,,,,,,,,,,,,,,,,,,,,,,,,,,,,,,,,,,,,,,
,,,,,,,,,,,,,,,,,,,,,,,,,,,,,,,,,,,,,,,,,,,,,,,,,,,,,,,,,,,,,,,,,,,,,,,,,,,,,,,,,,,,,,,,,,,,,,,,,,,,,,,,,,,,,,,,,,,,,,,,,,,,,,,,,,,,,
,,,,,,,,,,,,,,,,,,,,,,,,,,,,,,,,,,,,,,,,,,,,,,,,,,,,,,,,,,,,,,,,,,,,,,,,,,,,,,,,,,,,,,,,,,,,,,,,,,,,,,,,,,,,,,,,,,,,,,,,,,,,,,,,,,,,,
,,,,,,,,,,,,,,,,,,,,,,,,,,,,,,,,,,,,,,,,,,,,,,,,,,,,,,,,,,,,,,,,,,,,,,,,,,,,,,,,,,,,,,,,,,,,,,,,,,,,,,,,,,,,,,,,,,,,,,,,,,,,,,,,,,,,,
,,,,,,,,,,,,,,,,,,,,,,,,,,,,,,,,,,,,,,,,,,,,,,,,,,,,,,,,,,,,,,,,,,,,,,,,,,,,,,,,,,,,,,,,,,,,,,,,,,,,,,,,,,,,,,,,,,,,,,,,,,,,,,,,,,,,,
,,,,,,,,,,,,,,,,,,,,,,,,,,,,,,,,,,,,,,,,,,,,,,,,,,,,,,,,,,,,,,,,,,,,,,,,,,,,,,,,,,,,,,,,,,,,,,,,,,,,,,,,,,,,,,,,,,,,,,,,,,,,,,,,,,,,,
,,,,,,,,,,,,,,,,,,,,,,,,,,,,,,,,,,,,,,,,,,,,,,,,,,,,,,,,,,,,,,,,,,,,,,,,,,,,,,,,,,,,,,,,,,,,,,,,,,,,,,,,,,,,,,,,,,,,,,,,,,,,,,,,,,,,,
,,,,,,,,,,,,,,,,,,,,,,,,,,,,,,,,,,,,,,,,,,,,,,,,,,,,,,,,,,,,,,,,,,,,,,,,,,,,,,,,,,,,,,,,,,,,,,,,,,,,,,,,,,,,,,,,,,,,,,,,,,,,,,,,,,,,,
1,,Dynamic Dropdown Data,,,,,2,,,,,,,3,,,,,,,4,,,,,,,5,,,,,,,6,,,,,,,7,,,,,,,8,,,,,,,9,,,,,,,10,,,,,,,11,,,,,,,12,,,,,,,13,,,,,,,14,,,,,,,15,,,,,,,16,,,,,,,17,,,,,,,18,,,,,,,19,,,,,,,20
Colony1,,"This generates layout variant options for the dropdown menu on Colony Planner tabs - DO NOT EDIT anything below, this needs a lot of space",,,,,Colony2,,,,,,,Colony3,,,,,,,Colony4,,,,,,,Colony5,,,,,,,Colony6,,,,,,,Colony7,,,,,,,Colony8,,,,,,,Colony9,,,,,,,Colony10,,,,,,,Colony11,,,,,,,Colony12,,,,,,,Colony13,,,,,,,Colony14,,,,,,,Colony15,,,,,,,Colony16,,,,,,,Colony17,,,,,,,Colony18,,,,,,,Colony19,,,,,,,Colony20